/*
SQLyog Professional v13.1.1 (64 bit)
MySQL - 10.6.5-MariaDB-1:10.6.5+maria~focal : Database - adiputro_psytest
*********************************************************************
*/

/*!40101 SET NAMES utf8 */;

/*!40101 SET SQL_MODE=''*/;

/*!40014 SET @OLD_UNIQUE_CHECKS=@@UNIQUE_CHECKS, UNIQUE_CHECKS=0 */;
/*!40014 SET @OLD_FOREIGN_KEY_CHECKS=@@FOREIGN_KEY_CHECKS, FOREIGN_KEY_CHECKS=0 */;
/*!40101 SET @OLD_SQL_MODE=@@SQL_MODE, SQL_MODE='NO_AUTO_VALUE_ON_ZERO' */;
/*!40111 SET @OLD_SQL_NOTES=@@SQL_NOTES, SQL_NOTES=0 */;
CREATE DATABASE /*!32312 IF NOT EXISTS*/`adiputro_psytest` /*!40100 DEFAULT CHARACTER SET utf8mb4 */;

USE `adiputro_psytest`;

/*Table structure for table `applicant` */

DROP TABLE IF EXISTS `applicant`;

CREATE TABLE `applicant` (
  `id` bigint(20) NOT NULL AUTO_INCREMENT,
  `job_vacancy_id` bigint(10) NOT NULL,
  `nama` varchar(1000) NOT NULL,
  `no_ktp` varchar(1000) NOT NULL,
  `tempat_lahir` varchar(1000) NOT NULL,
  `tanggal_lahir` date NOT NULL,
  `jenis_kelamin` varchar(1) NOT NULL,
  `alamat_domisili` varchar(1000) NOT NULL,
  `usia` int(100) NOT NULL,
  `status_perkawinan` varchar(1000) NOT NULL,
  `nomor_hp` varchar(100) NOT NULL,
  `email` varchar(1000) NOT NULL,
  `pendidikan_terakhir` varchar(1000) NOT NULL,
  `nama_sekolah` varchar(1000) NOT NULL,
  `jurusan` varchar(1000) NOT NULL,
  `posisi_dilamar` varchar(1000) NOT NULL,
  `status` int(10) NOT NULL DEFAULT 1 COMMENT '1: available, 0: deleted',
  `lampiran_drive_id` varchar(100) NOT NULL,
  `createdAt` datetime NOT NULL,
  `updatedAt` datetime NOT NULL,
  PRIMARY KEY (`id`)
) ENGINE=InnoDB AUTO_INCREMENT=18 DEFAULT CHARSET=utf8mb4;

/*Data for the table `applicant` */

insert  into `applicant`(`id`,`job_vacancy_id`,`nama`,`no_ktp`,`tempat_lahir`,`tanggal_lahir`,`jenis_kelamin`,`alamat_domisili`,`usia`,`status_perkawinan`,`nomor_hp`,`email`,`pendidikan_terakhir`,`nama_sekolah`,`jurusan`,`posisi_dilamar`,`status`,`lampiran_drive_id`,`createdAt`,`updatedAt`) values 
(12,13,'Lawrence Patrick','999999999','Surabaya','2022-10-01','L','Jalan Pemangkas Rumput No 6',20,'Belum Menikah','08123456789','a@gmail.com','SMA','SMA Ingin Berhasil','IPA','Web Designer',1,'143FAFBvr_6a1tC1s4W9ad7VASyvcSB61','2022-03-17 07:21:54','2022-03-17 13:23:22'),
(13,13,'Lawrence Patrick','999999999','Surabaya','2022-10-01','L','Jalan Pemangkas Rumput No 6',20,'Belum Menikah','08123456789','abc@gmail.com','SMA','SMA Ingin Berhasil','IPA','Web Designer',1,'1MMPW3hUCusOQYf8HLSdGR399juV06c4U','2022-03-17 13:11:11','2022-03-20 04:37:47'),
(14,14,'Lawrence Patrick','1234567891011','Surabaya','2022-10-01','L','Jalan Pemangkas Rumput No 6',20,'Belum Menikah','08123456789','aa@gmail.com','SMA','SMA Ingin Berhasil','IPA','Web Designer',1,'1Hdy5R70jU25MILnVpMH-ctWDOtEjVokd','2022-03-17 15:23:48','2022-03-17 15:23:48'),
(15,14,'Lawrence Patrick','1234567891011','Surabaya','2022-10-01','L','Jalan Pemangkas Rumput No 6',20,'Belum Menikah','08123456789','aaa@gmail.com','SMA','SMA Ingin Berhasil','IPA','Web Designer',1,'1VqZZdsffNkct9upM9ailqSmXc93CGV8a','2022-03-20 03:55:30','2022-03-20 03:55:30'),
(16,14,'Lawrence Patrick','1234567891011','Surabaya','2022-10-01','L','Jalan Pemangkas Rumput No 6',20,'Belum Menikah','08123456789','aaaa@gmail.com','SMA','SMA Ingin Berhasil','IPA','Web Designer',1,'1qyiDdQgcdPHRXdwJY0X7Vlo4jRPB3BQ4','2022-03-20 04:37:29','2022-03-20 04:37:29'),
(17,13,'lawrence patrick','12345667','Surabaya','2005-03-21','L','Jalan jalan',21,'sudah menikah','0821313211','contoh@gmail.com','sarjana','istts','informatika','Manager',1,'1jxvrXcm40ds3aPUBc9UsQ8h23uujnlEJ','2022-03-21 06:15:14','2022-03-21 06:15:14');

/*Table structure for table `exam_session` */

DROP TABLE IF EXISTS `exam_session`;

CREATE TABLE `exam_session` (
  `id` bigint(20) NOT NULL AUTO_INCREMENT,
  `email` varchar(255) NOT NULL,
  `start_date` datetime NOT NULL,
  `finish_date` datetime NOT NULL,
  `duration` int(10) NOT NULL COMMENT 'in minutes',
  `test_token` varchar(500) NOT NULL,
  `auth_token` varchar(500) NOT NULL COMMENT 'for authentication',
  `is_logged` int(10) NOT NULL DEFAULT 0 COMMENT '1: logged in, 0: logged out',
  `is_admin` int(10) NOT NULL DEFAULT 0,
  `status` int(10) NOT NULL DEFAULT 1 COMMENT '1: available, 0: deleted',
  `createdAt` datetime NOT NULL,
  `updatedAt` datetime NOT NULL,
  PRIMARY KEY (`id`)
) ENGINE=InnoDB AUTO_INCREMENT=19 DEFAULT CHARSET=utf8mb4;

/*Data for the table `exam_session` */

insert  into `exam_session`(`id`,`email`,`start_date`,`finish_date`,`duration`,`test_token`,`auth_token`,`is_logged`,`is_admin`,`status`,`createdAt`,`updatedAt`) values 
(1,'a@a.com','2022-01-25 00:45:00','2022-04-02 17:25:00',60,'ifd8Tbszwdqp8kyJbMhEBC','t1kSVb8VYoR7iXT2iiPLys',0,0,1,'2022-01-17 16:50:42','2022-03-29 14:02:36'),
(2,'update@ganti.com','2022-01-15 00:00:00','2022-01-16 00:00:00',60,'rNv6L1pjdEwpzNsNZkXNX4','nS4i58bf2FkmiPF1272rVr',0,0,1,'2022-01-25 00:07:41','2022-04-06 03:00:07'),
(3,'coba@coba.com','2022-01-24 17:07:41','2022-01-24 17:07:41',60,'bEFXCFzTtmgu7bxVtVUcXG','asbce',0,0,1,'2022-01-24 17:17:52','2022-02-15 06:58:27'),
(4,'coba@coba.com','2022-01-25 00:00:00','2022-01-25 00:00:00',60,'177Nj5Nddj6a1WpZmcxnLt','asbce',0,0,1,'2022-01-24 17:18:02','2022-02-15 06:58:29'),
(5,'inibaru@ahay.com','2022-01-25 00:00:00','2022-01-25 00:00:00',60,'tMFHNUnroFastpfwDuyGjV','aZ3woVUy92yawtrbLR1ith',0,0,1,'2022-02-23 15:59:18','2022-03-25 09:39:05'),
(6,'cobaa@coba.com','2022-01-25 00:45:00','2022-01-25 01:10:00',60,'39oBXBcUEZm9NJJFFZxLwj','eM124gbhu88FHCSAfXto7s',0,0,1,'2022-03-23 08:23:04','2022-03-23 08:23:04'),
(10,'z@z.com','2022-01-25 00:45:00','2022-01-25 01:10:00',60,'pNuhqpukdbcVGzKr8rzxFx','11sViWxRT5chFBVnhBrxdP',0,0,1,'2022-03-25 02:35:23','2022-03-25 02:35:23'),
(11,'g@g.com','2022-01-25 00:45:00','2022-01-25 01:10:00',60,'bxC4EZmSExecASSLYc3cVe','dF5wDYteX29CEkcQtiHkii',0,0,1,'2022-03-25 02:35:23','2022-03-25 02:35:23'),
(12,'c13180041@john.petra.ac.id','2022-03-24 17:00:00','2022-04-08 05:00:00',20880,'qr3urd5yQGTC6k5NEiYe8e','gMNG4B2hmnvZsm8ZfKnTBb',0,0,1,'2022-03-25 10:01:25','2022-03-29 07:52:08'),
(13,'C13180049@john.petra.ac.id','2022-03-24 17:00:00','2022-04-08 05:00:00',20880,'goUdvkJs5KJXbgpXDz1ZZi','9F5xo2P11qEn7zNfenkxNu',0,0,1,'2022-03-25 10:01:25','2022-03-25 10:01:25'),
(14,'C13180088@john.petra.ac.id','2022-03-24 17:00:00','2022-04-08 05:00:00',20880,'wP972fftZKa2ju3c28GuSg','r7SXtJCxG5m8rJQ4qmH4Sq',0,0,1,'2022-03-25 10:01:26','2022-03-25 10:01:26'),
(15,'c13180107@john.petra.ac.id','2022-03-24 17:00:00','2022-04-08 05:00:00',20880,'3MLpmHc6FiFV9MrWBHAKCc','ngw3GT8diFaau1vTwf5sZ6',0,0,1,'2022-03-25 10:01:26','2022-03-25 10:01:26'),
(16,'c13180139@john.petra.ac.id','2022-03-24 17:00:00','2022-04-08 05:00:00',20880,'e5utBU4Q1BKfoSVezo7qKE','7MqF6YsoyGfEYcZznkbbTx',0,0,1,'2022-03-25 10:01:26','2022-03-25 10:01:26'),
(17,'c13180151@john.petra.ac.id','2022-03-24 17:00:00','2022-04-08 05:00:00',20880,'pzPvAR1Vo97CMehnDLCcQ1','55G1d8TtFRxu4ujgnd7NBZ',0,0,1,'2022-03-25 10:01:26','2022-03-25 10:01:26'),
(18,'admin@admin.com','2000-01-01 00:00:00','2040-01-01 00:00:00',60,'exLkNUTXAu5eZXh7L88BgY','4eyS2mbX17v4CxfbSxYNkn',0,1,1,'2022-03-29 02:30:50','2022-03-29 08:09:55');

/*Table structure for table `exam_session_test` */

DROP TABLE IF EXISTS `exam_session_test`;

CREATE TABLE `exam_session_test` (
  `exam_session_id` varchar(255) NOT NULL,
  `test_id` varchar(255) NOT NULL,
  `status` int(10) NOT NULL DEFAULT 1,
  `createdAt` datetime NOT NULL,
  `updatedAt` datetime NOT NULL,
  PRIMARY KEY (`exam_session_id`,`test_id`)
) ENGINE=InnoDB DEFAULT CHARSET=utf8mb4;

/*Data for the table `exam_session_test` */

insert  into `exam_session_test`(`exam_session_id`,`test_id`,`status`,`createdAt`,`updatedAt`) values 
('1','10',1,'2022-03-29 05:05:52','2022-03-29 05:05:52'),
('1','2',1,'2022-03-29 05:05:52','2022-03-29 05:05:52'),
('1','7',0,'2022-03-29 03:29:33','2022-03-29 05:05:52'),
('10','2',1,'2022-03-25 02:35:23','2022-03-25 02:35:23'),
('10','5',1,'2022-03-25 02:35:23','2022-03-25 02:35:23'),
('11','2',1,'2022-03-25 02:35:23','2022-03-25 02:35:23'),
('11','5',1,'2022-03-25 02:35:23','2022-03-25 02:35:23'),
('12','5',1,'2022-03-25 10:01:26','2022-03-25 10:01:26'),
('13','5',1,'2022-03-25 10:01:26','2022-03-25 10:01:26'),
('14','5',1,'2022-03-25 10:01:26','2022-03-25 10:01:26'),
('15','5',1,'2022-03-25 10:01:26','2022-03-25 10:01:26'),
('16','5',1,'2022-03-25 10:01:26','2022-03-25 10:01:26'),
('17','5',1,'2022-03-25 10:01:26','2022-03-25 10:01:26'),
('18','1',1,'2022-03-29 02:30:51','2022-03-29 02:30:51'),
('5','1',1,'2022-02-23 15:59:18','2022-02-23 15:59:18'),
('5','2',1,'2022-02-23 15:59:18','2022-02-23 15:59:18'),
('5','6',1,'2022-02-23 15:59:18','2022-02-23 15:59:18'),
('6','2',1,'2022-03-23 08:23:04','2022-03-23 08:23:04');

/*Table structure for table `job_vacancy` */

DROP TABLE IF EXISTS `job_vacancy`;

CREATE TABLE `job_vacancy` (
  `id` bigint(10) NOT NULL AUTO_INCREMENT,
  `name` varchar(1000) NOT NULL,
  `qr_link` varchar(1000) NOT NULL,
  `list_pekerjaan` varchar(1000) NOT NULL,
  `start_date` datetime NOT NULL,
  `status` int(20) NOT NULL DEFAULT 1 COMMENT '1: open, 0: closed',
  `createdAt` datetime NOT NULL,
  `updatedAt` datetime NOT NULL,
  PRIMARY KEY (`id`)
) ENGINE=InnoDB AUTO_INCREMENT=15 DEFAULT CHARSET=utf8mb4;

/*Data for the table `job_vacancy` */

insert  into `job_vacancy`(`id`,`name`,`qr_link`,`list_pekerjaan`,`start_date`,`status`,`createdAt`,`updatedAt`) values 
(13,'Lamaran ini bagus','https://drive.google.com/file/d/1Zzf22lpYpC50lKM3vIdjUmsYMxOMCKzj','Manager,Kasir','2022-03-17 19:03:14',1,'2022-03-18 13:19:39','2022-03-18 16:07:50'),
(14,'Lamaran ini bagus','https://drive.google.com/file/d/1TnOK0LKQm2TUa95OgxZ1mSRbYPytqUBG','Manager,Kasir','2022-03-17 19:03:14',1,'2022-03-18 16:06:37','2022-03-18 16:14:44');

/*Table structure for table `kreapelin_data` */

DROP TABLE IF EXISTS `kreapelin_data`;

CREATE TABLE `kreapelin_data` (
  `section_result_id` bigint(10) NOT NULL,
  `email` varchar(100) NOT NULL,
  `pendidikan` varchar(100) NOT NULL COMMENT 'smea/stm-smk/sma/sarjana muda/sarjana',
  `jurusan` varchar(100) NOT NULL COMMENT 'ipa/ips',
  `jenis_kelamin` varchar(100) NOT NULL COMMENT 'L/P',
  `status` int(10) NOT NULL DEFAULT 1 COMMENT '1: available, 0: deleted',
  `createdAt` datetime NOT NULL,
  `updatedAt` datetime NOT NULL,
  PRIMARY KEY (`section_result_id`)
) ENGINE=InnoDB DEFAULT CHARSET=utf8mb4;

/*Data for the table `kreapelin_data` */

insert  into `kreapelin_data`(`section_result_id`,`email`,`pendidikan`,`jurusan`,`jenis_kelamin`,`status`,`createdAt`,`updatedAt`) values 
(24,'b@b.com','smea','ips','P',1,'2022-03-23 07:32:09','2022-03-23 07:32:33'),
(25,'a@a.com','sarjana','ipa','L',1,'2022-03-20 04:44:46','2022-03-20 05:51:33');

/*Table structure for table `question` */

DROP TABLE IF EXISTS `question`;

CREATE TABLE `question` (
  `id` bigint(10) NOT NULL AUTO_INCREMENT,
  `instruction` varchar(1000) NOT NULL,
  `section_id` bigint(20) NOT NULL,
  `option_num` int(10) NOT NULL,
  `option_a` varchar(255) DEFAULT NULL,
  `option_b` varchar(255) DEFAULT NULL,
  `option_c` varchar(255) DEFAULT NULL,
  `option_d` varchar(255) DEFAULT NULL,
  `option_e` varchar(255) DEFAULT NULL,
  `answer` varchar(100) NOT NULL,
  `option_type` int(10) NOT NULL DEFAULT 1 COMMENT '1: text,  2: image',
  `instruction_type` int(10) NOT NULL DEFAULT 1 COMMENT '1: text,  2: image',
  `status` int(10) NOT NULL DEFAULT 1 COMMENT '1: available, 0: deleted',
  `createdAt` datetime NOT NULL,
  `updatedAt` datetime NOT NULL,
  PRIMARY KEY (`id`)
) ENGINE=InnoDB AUTO_INCREMENT=1400 DEFAULT CHARSET=utf8mb4;

/*Data for the table `question` */

insert  into `question`(`id`,`instruction`,`section_id`,`option_num`,`option_a`,`option_b`,`option_c`,`option_d`,`option_e`,`answer`,`option_type`,`instruction_type`,`status`,`createdAt`,`updatedAt`) values 
(308,'Safir adalah …',2,4,'Pengembara','Gurun','Ahli filsafat','Batu-batuan','-','B',1,1,1,'2022-02-01 10:38:45','2022-02-01 10:38:45'),
(309,'Safir adalah …',2,4,'Pengembara','Gurun','Ahli filsafat','Batu-batuan','-','B',1,1,1,'2022-02-01 10:38:45','2022-02-01 10:38:45'),
(310,'Safir adalah …',2,4,'Pengembara','Gurun','Ahli filsafat','Batu-batuan','-','C',1,1,1,'2022-02-01 10:38:45','2022-02-01 10:38:45'),
(311,'Safir adalah …',2,4,'Pengembara','Gurun','Ahli filsafat','Batu-batuan','-','B',1,1,1,'2022-02-01 10:38:45','2022-02-01 10:38:45'),
(312,'Safir adalah …',2,4,'Pengembara','Gurun','Ahli filsafat','Batu-batuan','-','B',1,1,1,'2022-02-01 10:38:45','2022-02-01 10:38:45'),
(313,'Safir adalah …',2,4,'Pengembara','Gurun','Ahli filsafat','Batu-batuan','-','C',1,1,1,'2022-02-01 10:38:45','2022-02-01 10:38:45'),
(314,'Safir adalah …',2,4,'Pengembara','Gurun','Ahli filsafat','Batu-batuan','-','C',1,1,1,'2022-02-01 10:38:45','2022-02-01 10:38:45'),
(315,'Safir adalah …',2,4,'Pengembara','Gurun','Ahli filsafat','Batu-batuan','-','A',1,1,1,'2022-02-01 10:38:45','2022-02-01 10:38:45'),
(316,'Safir adalah …',2,4,'Pengembara','Gurun','Ahli filsafat','Batu-batuan','-','B',1,1,1,'2022-02-01 10:38:45','2022-02-01 10:38:45'),
(317,'Safir adalah …',2,4,'Pengembara','Gurun','Ahli filsafat','Batu-batuan','-','A',1,1,1,'2022-02-01 10:38:45','2022-02-01 10:38:45'),
(318,'Safir adalah …',2,4,'Pengembara','Gurun','Ahli filsafat','Batu-batuan','-','D',1,1,1,'2022-02-01 10:38:45','2022-02-01 10:38:45'),
(319,'Safir adalah …',2,4,'Pengembara','Gurun','Ahli filsafat','Batu-batuan','-','C',1,1,1,'2022-02-01 10:38:45','2022-02-01 10:38:45'),
(320,'Safir adalah …',2,4,'Pengembara','Gurun','Ahli filsafat','Batu-batuan','-','D',1,1,1,'2022-02-01 10:38:45','2022-02-01 10:38:45'),
(321,'Safir adalah …',2,4,'Pengembara','Gurun','Ahli filsafat','Batu-batuan','-','C',1,1,1,'2022-02-01 10:38:45','2022-02-01 10:38:45'),
(322,'Safir adalah …',2,4,'Pengembara','Gurun','Ahli filsafat','Batu-batuan','-','C',1,1,1,'2022-02-01 10:38:45','2022-02-01 10:38:45'),
(323,'Safir adalah …',2,4,'Pengembara','Gurun','Ahli filsafat','Batu-batuan','-','B',1,1,1,'2022-02-01 10:38:45','2022-02-01 10:38:45'),
(324,'Safir adalah …',2,4,'Pengembara','Gurun','Ahli filsafat','Batu-batuan','-','D',1,1,1,'2022-02-01 10:38:45','2022-02-01 10:38:45'),
(325,'Safir adalah …',2,4,'Pengembara','Gurun','Ahli filsafat','Batu-batuan','-','A',1,1,1,'2022-02-01 10:38:45','2022-02-01 10:38:45'),
(326,'Safir adalah …',2,4,'Pengembara','Gurun','Ahli filsafat','Batu-batuan','-','B',1,1,1,'2022-02-01 10:38:45','2022-02-01 10:38:45'),
(327,'Safir adalah …',2,4,'Pengembara','Gurun','Ahli filsafat','Batu-batuan','-','C',1,1,1,'2022-02-01 10:38:45','2022-02-01 10:38:45'),
(328,'Safir adalah …',2,4,'Pengembara','Gurun','Ahli filsafat','Batu-batuan','-','D',1,1,1,'2022-02-01 10:38:45','2022-02-01 10:38:45'),
(329,'Safir adalah …',2,4,'Pengembara','Gurun','Ahli filsafat','Batu-batuan','-','D',1,1,1,'2022-02-01 10:38:45','2022-02-01 10:38:45'),
(330,'Safir adalah …',2,4,'Pengembara','Gurun','Ahli filsafat','Batu-batuan','-','C',1,1,1,'2022-02-01 10:38:45','2022-02-01 10:38:45'),
(331,'Safir adalah …',2,4,'Pengembara','Gurun','Ahli filsafat','Batu-batuan','-','A',1,1,1,'2022-02-01 10:38:45','2022-02-01 10:38:45'),
(332,'Safir adalah …',2,4,'Pengembara','Gurun','Ahli filsafat','Batu-batuan','-','C',1,1,1,'2022-02-01 10:38:45','2022-02-01 10:38:45'),
(333,'Safir adalah …',2,4,'Pengembara','Gurun','Ahli filsafat','Batu-batuan','-','A',1,1,1,'2022-02-01 10:38:45','2022-02-01 10:38:45'),
(334,'Safir adalah …',2,4,'Pengembara','Gurun','Ahli filsafat','Batu-batuan','-','B',1,1,1,'2022-02-01 10:38:45','2022-02-01 10:38:45'),
(335,'Safir adalah …',2,4,'Pengembara','Gurun','Ahli filsafat','Batu-batuan','-','B',1,1,1,'2022-02-01 10:38:45','2022-02-01 10:38:45'),
(336,'Safir adalah …',2,4,'Pengembara','Gurun','Ahli filsafat','Batu-batuan','-','C',1,1,1,'2022-02-01 10:38:45','2022-02-01 10:38:45'),
(337,'Safir adalah …',2,4,'Pengembara','Gurun','Ahli filsafat','Batu-batuan','-','D',1,1,1,'2022-02-01 10:38:45','2022-02-01 10:38:45'),
(338,'Safir adalah …',2,4,'Pengembara','Gurun','Ahli filsafat','Batu-batuan','-','A',1,1,1,'2022-02-01 10:38:45','2022-02-01 10:38:45'),
(339,'Safir adalah …',2,4,'Pengembara','Gurun','Ahli filsafat','Batu-batuan','-','D',1,1,1,'2022-02-01 10:38:45','2022-02-01 10:38:45'),
(340,'Safir adalah …',2,4,'Pengembara','Gurun','Ahli filsafat','Batu-batuan','-','D',1,1,1,'2022-02-01 10:38:45','2022-02-01 10:38:45'),
(341,'Safir adalah …',2,4,'Pengembara','Gurun','Ahli filsafat','Batu-batuan','-','A',1,1,1,'2022-02-01 10:38:45','2022-02-01 10:38:45'),
(342,'Safir adalah …',2,4,'Pengembara','Gurun','Ahli filsafat','Batu-batuan','-','A',1,1,1,'2022-02-01 10:38:45','2022-02-01 10:38:45'),
(343,'Safir adalah …',2,4,'Pengembara','Gurun','Ahli filsafat','Batu-batuan','-','C',1,1,1,'2022-02-01 10:38:45','2022-02-01 10:38:45'),
(344,'Safir adalah …',2,4,'Pengembara','Gurun','Ahli filsafat','Batu-batuan','-','B',1,1,1,'2022-02-01 10:38:45','2022-02-01 10:38:45'),
(345,'Safir adalah …',2,4,'Pengembara','Gurun','Ahli filsafat','Batu-batuan','-','C',1,1,1,'2022-02-01 10:38:45','2022-02-01 10:38:45'),
(346,'Safir adalah …',2,4,'Pengembara','Gurun','Ahli filsafat','Batu-batuan','-','A',1,1,1,'2022-02-01 10:38:45','2022-02-01 10:38:45'),
(347,'Safir adalah …',2,4,'Pengembara','Gurun','Ahli filsafat','Batu-batuan','-','A',1,1,1,'2022-02-01 10:38:45','2022-02-01 10:38:45'),
(348,'nuri : burung = sepat : ?',3,4,'mangkuk','ikan','aquarium','merah','-','B',1,1,1,'2022-02-01 10:39:07','2022-02-01 10:39:07'),
(349,'nuri : burung = sepat : ?',3,4,'mangkuk','ikan','aquarium','merah','-','C',1,1,1,'2022-02-01 10:39:07','2022-02-01 10:39:07'),
(350,'nuri : burung = sepat : ?',3,4,'mangkuk','ikan','aquarium','merah','-','C',1,1,1,'2022-02-01 10:39:07','2022-02-01 10:39:07'),
(351,'nuri : burung = sepat : ?',3,4,'mangkuk','ikan','aquarium','merah','-','D',1,1,1,'2022-02-01 10:39:07','2022-02-01 10:39:07'),
(352,'nuri : burung = sepat : ?',3,4,'mangkuk','ikan','aquarium','merah','-','D',1,1,1,'2022-02-01 10:39:07','2022-02-01 10:39:07'),
(353,'nuri : burung = sepat : ?',3,4,'mangkuk','ikan','aquarium','merah','-','B',1,1,1,'2022-02-01 10:39:07','2022-02-01 10:39:07'),
(354,'nuri : burung = sepat : ?',3,4,'mangkuk','ikan','aquarium','merah','-','D',1,1,1,'2022-02-01 10:39:07','2022-02-01 10:39:07'),
(355,'nuri : burung = sepat : ?',3,4,'mangkuk','ikan','aquarium','merah','-','A',1,1,1,'2022-02-01 10:39:07','2022-02-01 10:39:07'),
(356,'nuri : burung = sepat : ?',3,4,'mangkuk','ikan','aquarium','merah','-','B',1,1,1,'2022-02-01 10:39:07','2022-02-01 10:39:07'),
(357,'nuri : burung = sepat : ?',3,4,'mangkuk','ikan','aquarium','merah','-','D',1,1,1,'2022-02-01 10:39:07','2022-02-01 10:39:07'),
(358,'nuri : burung = sepat : ?',3,4,'mangkuk','ikan','aquarium','merah','-','C',1,1,1,'2022-02-01 10:39:07','2022-02-01 10:39:07'),
(359,'nuri : burung = sepat : ?',3,4,'mangkuk','ikan','aquarium','merah','-','D',1,1,1,'2022-02-01 10:39:07','2022-02-01 10:39:07'),
(360,'nuri : burung = sepat : ?',3,4,'mangkuk','ikan','aquarium','merah','-','C',1,1,1,'2022-02-01 10:39:07','2022-02-01 10:39:07'),
(361,'nuri : burung = sepat : ?',3,4,'mangkuk','ikan','aquarium','merah','-','A',1,1,1,'2022-02-01 10:39:07','2022-02-01 10:39:07'),
(362,'nuri : burung = sepat : ?',3,4,'mangkuk','ikan','aquarium','merah','-','B',1,1,1,'2022-02-01 10:39:07','2022-02-01 10:39:07'),
(363,'nuri : burung = sepat : ?',3,4,'mangkuk','ikan','aquarium','merah','-','B',1,1,1,'2022-02-01 10:39:07','2022-02-01 10:39:07'),
(364,'nuri : burung = sepat : ?',3,4,'mangkuk','ikan','aquarium','merah','-','B',1,1,1,'2022-02-01 10:39:07','2022-02-01 10:39:07'),
(365,'nuri : burung = sepat : ?',3,4,'mangkuk','ikan','aquarium','merah','-','A',1,1,1,'2022-02-01 10:39:07','2022-02-01 10:39:07'),
(366,'nuri : burung = sepat : ?',3,4,'mangkuk','ikan','aquarium','merah','-','D',1,1,1,'2022-02-01 10:39:07','2022-02-01 10:39:07'),
(367,'nuri : burung = sepat : ?',3,4,'mangkuk','ikan','aquarium','merah','-','A',1,1,1,'2022-02-01 10:39:07','2022-02-01 10:39:07'),
(368,'nuri : burung = sepat : ?',3,4,'mangkuk','ikan','aquarium','merah','-','C',1,1,1,'2022-02-01 10:39:07','2022-02-01 10:39:07'),
(369,'nuri : burung = sepat : ?',3,4,'mangkuk','ikan','aquarium','merah','-','C',1,1,1,'2022-02-01 10:39:07','2022-02-01 10:39:07'),
(370,'nuri : burung = sepat : ?',3,4,'mangkuk','ikan','aquarium','merah','-','B',1,1,1,'2022-02-01 10:39:07','2022-02-01 10:39:07'),
(371,'nuri : burung = sepat : ?',3,4,'mangkuk','ikan','aquarium','merah','-','C',1,1,1,'2022-02-01 10:39:07','2022-02-01 10:39:07'),
(372,'nuri : burung = sepat : ?',3,4,'mangkuk','ikan','aquarium','merah','-','C',1,1,1,'2022-02-01 10:39:07','2022-02-01 10:39:07'),
(373,'nuri : burung = sepat : ?',3,4,'mangkuk','ikan','aquarium','merah','-','D',1,1,1,'2022-02-01 10:39:07','2022-02-01 10:39:07'),
(374,'nuri : burung = sepat : ?',3,4,'mangkuk','ikan','aquarium','merah','-','A',1,1,1,'2022-02-01 10:39:07','2022-02-01 10:39:07'),
(375,'nuri : burung = sepat : ?',3,4,'mangkuk','ikan','aquarium','merah','-','C',1,1,1,'2022-02-01 10:39:07','2022-02-01 10:39:07'),
(376,'nuri : burung = sepat : ?',3,4,'mangkuk','ikan','aquarium','merah','-','D',1,1,1,'2022-02-01 10:39:07','2022-02-01 10:39:07'),
(377,'nuri : burung = sepat : ?',3,4,'mangkuk','ikan','aquarium','merah','-','B',1,1,1,'2022-02-01 10:39:07','2022-02-01 10:39:07'),
(378,'nuri : burung = sepat : ?',3,4,'mangkuk','ikan','aquarium','merah','-','B',1,1,1,'2022-02-01 10:39:07','2022-02-01 10:39:07'),
(379,'nuri : burung = sepat : ?',3,4,'mangkuk','ikan','aquarium','merah','-','B',1,1,1,'2022-02-01 10:39:07','2022-02-01 10:39:07'),
(380,'nuri : burung = sepat : ?',3,4,'mangkuk','ikan','aquarium','merah','-','C',1,1,1,'2022-02-01 10:39:07','2022-02-01 10:39:07'),
(381,'nuri : burung = sepat : ?',3,4,'mangkuk','ikan','aquarium','merah','-','C',1,1,1,'2022-02-01 10:39:07','2022-02-01 10:39:07'),
(382,'nuri : burung = sepat : ?',3,4,'mangkuk','ikan','aquarium','merah','-','A',1,1,1,'2022-02-01 10:39:07','2022-02-01 10:39:07'),
(383,'nuri : burung = sepat : ?',3,4,'mangkuk','ikan','aquarium','merah','-','D',1,1,1,'2022-02-01 10:39:07','2022-02-01 10:39:07'),
(384,'nuri : burung = sepat : ?',3,4,'mangkuk','ikan','aquarium','merah','-','C',1,1,1,'2022-02-01 10:39:07','2022-02-01 10:39:07'),
(385,'nuri : burung = sepat : ?',3,4,'mangkuk','ikan','aquarium','merah','-','D',1,1,1,'2022-02-01 10:39:07','2022-02-01 10:39:07'),
(386,'nuri : burung = sepat : ?',3,4,'mangkuk','ikan','aquarium','merah','-','B',1,1,1,'2022-02-01 10:39:07','2022-02-01 10:39:07'),
(387,'nuri : burung = sepat : ?',3,4,'mangkuk','ikan','aquarium','merah','-','D',1,1,1,'2022-02-01 10:39:07','2022-02-01 10:39:07'),
(388,'Burung-burung bernyanyi pada musim semi untuk:',4,3,'Memberi tahu bahwa musim semi telah tiba','Menarik perhatian pasangannya','Melatih suaranya','-','-','A',1,1,1,'2022-02-01 10:39:18','2022-02-01 10:39:18'),
(389,'Burung-burung bernyanyi pada musim semi untuk:',4,3,'Memberi tahu bahwa musim semi telah tiba','Menarik perhatian pasangannya','Melatih suaranya','-','-','A',1,1,1,'2022-02-01 10:39:18','2022-02-01 10:39:18'),
(390,'Burung-burung bernyanyi pada musim semi untuk:',4,3,'Memberi tahu bahwa musim semi telah tiba','Menarik perhatian pasangannya','Melatih suaranya','-','-','A',1,1,1,'2022-02-01 10:39:18','2022-02-01 10:39:18'),
(391,'Burung-burung bernyanyi pada musim semi untuk:',4,3,'Memberi tahu bahwa musim semi telah tiba','Menarik perhatian pasangannya','Melatih suaranya','-','-','C',1,1,1,'2022-02-01 10:39:18','2022-02-01 10:39:18'),
(392,'Burung-burung bernyanyi pada musim semi untuk:',4,3,'Memberi tahu bahwa musim semi telah tiba','Menarik perhatian pasangannya','Melatih suaranya','-','-','B',1,1,1,'2022-02-01 10:39:18','2022-02-01 10:39:18'),
(393,'Burung-burung bernyanyi pada musim semi untuk:',4,3,'Memberi tahu bahwa musim semi telah tiba','Menarik perhatian pasangannya','Melatih suaranya','-','-','B',1,1,1,'2022-02-01 10:39:18','2022-02-01 10:39:18'),
(394,'Burung-burung bernyanyi pada musim semi untuk:',4,3,'Memberi tahu bahwa musim semi telah tiba','Menarik perhatian pasangannya','Melatih suaranya','-','-','C',1,1,1,'2022-02-01 10:39:18','2022-02-01 10:39:18'),
(395,'Burung-burung bernyanyi pada musim semi untuk:',4,3,'Memberi tahu bahwa musim semi telah tiba','Menarik perhatian pasangannya','Melatih suaranya','-','-','C',1,1,1,'2022-02-01 10:39:18','2022-02-01 10:39:18'),
(396,'Burung-burung bernyanyi pada musim semi untuk:',4,3,'Memberi tahu bahwa musim semi telah tiba','Menarik perhatian pasangannya','Melatih suaranya','-','-','C',1,1,1,'2022-02-01 10:39:18','2022-02-01 10:39:18'),
(397,'Burung-burung bernyanyi pada musim semi untuk:',4,3,'Memberi tahu bahwa musim semi telah tiba','Menarik perhatian pasangannya','Melatih suaranya','-','-','A',1,1,1,'2022-02-01 10:39:18','2022-02-01 10:39:18'),
(398,'Burung-burung bernyanyi pada musim semi untuk:',4,3,'Memberi tahu bahwa musim semi telah tiba','Menarik perhatian pasangannya','Melatih suaranya','-','-','B',1,1,1,'2022-02-01 10:39:18','2022-02-01 10:39:18'),
(399,'Burung-burung bernyanyi pada musim semi untuk:',4,3,'Memberi tahu bahwa musim semi telah tiba','Menarik perhatian pasangannya','Melatih suaranya','-','-','B',1,1,1,'2022-02-01 10:39:18','2022-02-01 10:39:18'),
(400,'Burung-burung bernyanyi pada musim semi untuk:',4,3,'Memberi tahu bahwa musim semi telah tiba','Menarik perhatian pasangannya','Melatih suaranya','-','-','B',1,1,1,'2022-02-01 10:39:18','2022-02-01 10:39:18'),
(401,'Burung-burung bernyanyi pada musim semi untuk:',4,3,'Memberi tahu bahwa musim semi telah tiba','Menarik perhatian pasangannya','Melatih suaranya','-','-','A',1,1,1,'2022-02-01 10:39:18','2022-02-01 10:39:18'),
(402,'Burung-burung bernyanyi pada musim semi untuk:',4,3,'Memberi tahu bahwa musim semi telah tiba','Menarik perhatian pasangannya','Melatih suaranya','-','-','B',1,1,1,'2022-02-01 10:39:18','2022-02-01 10:39:18'),
(403,'Burung-burung bernyanyi pada musim semi untuk:',4,3,'Memberi tahu bahwa musim semi telah tiba','Menarik perhatian pasangannya','Melatih suaranya','-','-','C',1,1,1,'2022-02-01 10:39:18','2022-02-01 10:39:18'),
(404,'Burung-burung bernyanyi pada musim semi untuk:',4,3,'Memberi tahu bahwa musim semi telah tiba','Menarik perhatian pasangannya','Melatih suaranya','-','-','C',1,1,1,'2022-02-01 10:39:18','2022-02-01 10:39:18'),
(405,'Burung-burung bernyanyi pada musim semi untuk:',4,3,'Memberi tahu bahwa musim semi telah tiba','Menarik perhatian pasangannya','Melatih suaranya','-','-','A',1,1,1,'2022-02-01 10:39:18','2022-02-01 10:39:18'),
(406,'Burung-burung bernyanyi pada musim semi untuk:',4,3,'Memberi tahu bahwa musim semi telah tiba','Menarik perhatian pasangannya','Melatih suaranya','-','-','A',1,1,1,'2022-02-01 10:39:18','2022-02-01 10:39:18'),
(407,'Burung-burung bernyanyi pada musim semi untuk:',4,3,'Memberi tahu bahwa musim semi telah tiba','Menarik perhatian pasangannya','Melatih suaranya','-','-','A',1,1,1,'2022-02-01 10:39:18','2022-02-01 10:39:18'),
(408,'berpakah jumlah 50 dan 5 orang?',5,1,'-','-','-','-','-','4',1,1,1,'2022-02-01 10:39:36','2022-02-01 10:39:36'),
(409,'berpakah jumlah 50 dan 5 orang?',5,1,'-','-','-','-','-','56',1,1,1,'2022-02-01 10:39:36','2022-02-01 10:39:36'),
(410,'berpakah jumlah 50 dan 5 orang?',5,1,'-','-','-','-','-','13',1,1,1,'2022-02-01 10:39:36','2022-02-01 10:39:36'),
(411,'berpakah jumlah 50 dan 5 orang?',5,1,'-','-','-','-','-','13.5',1,1,1,'2022-02-01 10:39:36','2022-02-01 10:39:36'),
(412,'berpakah jumlah 50 dan 5 orang?',5,1,'-','-','-','-','-','80',1,1,1,'2022-02-01 10:39:36','2022-02-01 10:39:36'),
(413,'berpakah jumlah 50 dan 5 orang?',5,1,'-','-','-','-','-','64',1,1,1,'2022-02-01 10:39:36','2022-02-01 10:39:36'),
(414,'berpakah jumlah 50 dan 5 orang?',5,1,'-','-','-','-','-','12',1,1,1,'2022-02-01 10:39:36','2022-02-01 10:39:36'),
(415,'berpakah jumlah 50 dan 5 orang?',5,1,'-','-','-','-','-','185',1,1,1,'2022-02-01 10:39:36','2022-02-01 10:39:36'),
(416,'berpakah jumlah 50 dan 5 orang?',5,1,'-','-','-','-','-','5',1,1,1,'2022-02-01 10:39:36','2022-02-01 10:39:36'),
(417,'berpakah jumlah 50 dan 5 orang?',5,1,'-','-','-','-','-','175',1,1,1,'2022-02-01 10:39:36','2022-02-01 10:39:36'),
(418,'berpakah jumlah 50 dan 5 orang?',5,1,'-','-','-','-','-','30',1,1,1,'2022-02-01 10:39:36','2022-02-01 10:39:36'),
(419,'berpakah jumlah 50 dan 5 orang?',5,1,'-','-','-','-','-','3.3',1,1,1,'2022-02-01 10:39:36','2022-02-01 10:39:36'),
(420,'berpakah jumlah 50 dan 5 orang?',5,1,'-','-','-','-','-','56',1,1,1,'2022-02-01 10:39:36','2022-02-01 10:39:36'),
(421,'berpakah jumlah 50 dan 5 orang?',5,1,'-','-','-','-','-','5',1,1,1,'2022-02-01 10:39:36','2022-02-01 10:39:36'),
(422,'berpakah jumlah 50 dan 5 orang?',5,1,'-','-','-','-','-','12',1,1,1,'2022-02-01 10:39:36','2022-02-01 10:39:36'),
(423,'berpakah jumlah 50 dan 5 orang?',5,1,'-','-','-','-','-','0.6',1,1,1,'2022-02-01 10:39:36','2022-02-01 10:39:36'),
(424,'berpakah jumlah 50 dan 5 orang?',5,1,'-','-','-','-','-','4.5',1,1,1,'2022-02-01 10:39:36','2022-02-01 10:39:36'),
(425,'berpakah jumlah 50 dan 5 orang?',5,1,'-','-','-','-','-','17',1,1,1,'2022-02-01 10:39:36','2022-02-01 10:39:36'),
(426,'berpakah jumlah 50 dan 5 orang?',5,1,'-','-','-','-','-','144',1,1,1,'2022-02-01 10:39:36','2022-02-01 10:39:36'),
(427,'berpakah jumlah 50 dan 5 orang?',5,1,'-','-','-','-','-','1500',1,1,1,'2022-02-01 10:39:36','2022-02-01 10:39:36'),
(428,' 2  4  6  8  10  12 14  ?   ? ',6,2,'-','-','-','-','-','28&32',1,1,1,'2022-02-01 10:39:53','2022-02-01 10:39:53'),
(429,' 2  4  6  8  10  12 14  ?   ? ',6,2,'-','-','-','-','-','47&52',1,1,1,'2022-02-01 10:39:53','2022-02-01 10:39:53'),
(430,' 2  4  6  8  10  12 14  ?   ? ',6,2,'-','-','-','-','-','64&128',1,1,1,'2022-02-01 10:39:53','2022-02-01 10:39:53'),
(431,' 2  4  6  8  10  12 14  ?   ? ',6,2,'-','-','-','-','-','9&7',1,1,1,'2022-02-01 10:39:53','2022-02-01 10:39:53'),
(432,' 2  4  6  8  10  12 14  ?   ? ',6,2,'-','-','-','-','-','3&1',1,1,1,'2022-02-01 10:39:53','2022-02-01 10:39:53'),
(433,' 2  4  6  8  10  12 14  ?   ? ',6,2,'-','-','-','-','-','1&1',1,1,1,'2022-02-01 10:39:53','2022-02-01 10:39:53'),
(434,' 2  4  6  8  10  12 14  ?   ? ',6,2,'-','-','-','-','-','0.25&0.125',1,1,1,'2022-02-01 10:39:53','2022-02-01 10:39:53'),
(435,' 2  4  6  8  10  12 14  ?   ? ',6,2,'-','-','-','-','-','243&729',1,1,1,'2022-02-01 10:39:53','2022-02-01 10:39:53'),
(436,' 2  4  6  8  10  12 14  ?   ? ',6,2,'-','-','-','-','-','23&16',1,1,1,'2022-02-01 10:39:53','2022-02-01 10:39:53'),
(437,' 2  4  6  8  10  12 14  ?   ? ',6,2,'-','-','-','-','-','13&15',1,1,1,'2022-02-01 10:39:53','2022-02-01 10:39:53'),
(438,' 2  4  6  8  10  12 14  ?   ? ',6,2,'-','-','-','-','-','26&33',1,1,1,'2022-02-01 10:39:53','2022-02-01 10:39:53'),
(439,' 2  4  6  8  10  12 14  ?   ? ',6,2,'-','-','-','-','-','8&11',1,1,1,'2022-02-01 10:39:53','2022-02-01 10:39:53'),
(440,' 2  4  6  8  10  12 14  ?   ? ',6,2,'-','-','-','-','-','10&3',1,1,1,'2022-02-01 10:39:53','2022-02-01 10:39:53'),
(441,' 2  4  6  8  10  12 14  ?   ? ',6,2,'-','-','-','-','-','22&21',1,1,1,'2022-02-01 10:39:53','2022-02-01 10:39:53'),
(442,' 2  4  6  8  10  12 14  ?   ? ',6,2,'-','-','-','-','-','5&7',1,1,1,'2022-02-01 10:39:53','2022-02-01 10:39:53'),
(443,' 2  4  6  8  10  12 14  ?   ? ',6,2,'-','-','-','-','-','66&72',1,1,1,'2022-02-01 10:39:53','2022-02-01 10:39:53'),
(444,' 2  4  6  8  10  12 14  ?   ? ',6,2,'-','-','-','-','-','16&12',1,1,1,'2022-02-01 10:39:53','2022-02-01 10:39:53'),
(445,' 2  4  6  8  10  12 14  ?   ? ',6,2,'-','-','-','-','-','53&106',1,1,1,'2022-02-01 10:39:53','2022-02-01 10:39:53'),
(446,' 2  4  6  8  10  12 14  ?   ? ',6,2,'-','-','-','-','-','6&2',1,1,1,'2022-02-01 10:39:53','2022-02-01 10:39:53'),
(447,' 2  4  6  8  10  12 14  ?   ? ',6,2,'-','-','-','-','-','8&14',1,1,1,'2022-02-01 10:39:53','2022-02-01 10:39:53'),
(448,' 2  4  6  8  10  12 14  ?   ? ',6,2,'-','-','-','-','-','18&36',1,1,1,'2022-02-01 10:39:53','2022-02-01 10:39:53'),
(449,' 2  4  6  8  10  12 14  ?   ? ',6,2,'-','-','-','-','-','5&7',1,1,1,'2022-02-01 10:39:53','2022-02-01 10:39:53'),
(450,' 2  4  6  8  10  12 14  ?   ? ',6,2,'-','-','-','-','-','5040&40320',1,1,1,'2022-02-01 10:39:53','2022-02-01 10:39:53'),
(451,' 2  4  6  8  10  12 14  ?   ? ',6,2,'-','-','-','-','-','4&6',1,1,1,'2022-02-01 10:39:53','2022-02-01 10:39:53'),
(452,' 2  4  6  8  10  12 14  ?   ? ',6,2,'-','-','-','-','-','7&14',1,1,1,'2022-02-01 10:39:53','2022-02-01 10:39:53'),
(453,' 2  4  6  8  10  12 14  ?   ? ',6,2,'-','-','-','-','-','1&24',1,1,1,'2022-02-01 10:39:53','2022-02-01 10:39:53'),
(454,' 2  4  6  8  10  12 14  ?   ? ',6,2,'-','-','-','-','-','3&-1',1,1,1,'2022-02-01 10:39:53','2022-02-01 10:39:53'),
(455,' 2  4  6  8  10  12 14  ?   ? ',6,2,'-','-','-','-','-','1.5&56',1,1,1,'2022-02-01 10:39:53','2022-02-01 10:39:53'),
(456,' 2  4  6  8  10  12 14  ?   ? ',6,2,'-','-','-','-','-','-9&-72',1,1,1,'2022-02-01 10:39:53','2022-02-01 10:39:53'),
(457,' 2  4  6  8  10  12 14  ?   ? ',6,2,'-','-','-','-','-','6&48/9',1,1,1,'2022-02-01 10:39:53','2022-02-01 10:39:53'),
(458,'kota ….. menghailkan semen',7,5,'Jakarta','Bogor','Padang','Medado','Medan','C',1,1,1,'2022-02-01 10:40:02','2022-02-01 10:40:02'),
(459,'kota ….. menghailkan semen',7,5,'Jakarta','Bogor','Padang','Medado','Medan','D',1,1,1,'2022-02-01 10:40:02','2022-02-01 10:40:02'),
(460,'kota ….. menghailkan semen',7,5,'Jakarta','Bogor','Padang','Medado','Medan','C',1,1,1,'2022-02-01 10:40:02','2022-02-01 10:40:02'),
(461,'kota ….. menghailkan semen',7,5,'Jakarta','Bogor','Padang','Medado','Medan','E',1,1,1,'2022-02-01 10:40:02','2022-02-01 10:40:02'),
(462,'kota ….. menghailkan semen',7,5,'Jakarta','Bogor','Padang','Medado','Medan','E',1,1,1,'2022-02-01 10:40:02','2022-02-01 10:40:02'),
(463,'kota ….. menghailkan semen',7,5,'Jakarta','Bogor','Padang','Medado','Medan','D',1,1,1,'2022-02-01 10:40:02','2022-02-01 10:40:02'),
(464,'kota ….. menghailkan semen',7,5,'Jakarta','Bogor','Padang','Medado','Medan','D',1,1,1,'2022-02-01 10:40:02','2022-02-01 10:40:02'),
(465,'kota ….. menghailkan semen',7,5,'Jakarta','Bogor','Padang','Medado','Medan','E',1,1,1,'2022-02-01 10:40:02','2022-02-01 10:40:02'),
(466,'kota ….. menghailkan semen',7,5,'Jakarta','Bogor','Padang','Medado','Medan','D',1,1,1,'2022-02-01 10:40:02','2022-02-01 10:40:02'),
(467,'kota ….. menghailkan semen',7,5,'Jakarta','Bogor','Padang','Medado','Medan','B',1,1,1,'2022-02-01 10:40:02','2022-02-01 10:40:02'),
(468,'kota ….. menghailkan semen',7,5,'Jakarta','Bogor','Padang','Medado','Medan','B',1,1,1,'2022-02-01 10:40:02','2022-02-01 10:40:02'),
(469,'kota ….. menghailkan semen',7,5,'Jakarta','Bogor','Padang','Medado','Medan','B',1,1,1,'2022-02-01 10:40:02','2022-02-01 10:40:02'),
(470,'kota ….. menghailkan semen',7,5,'Jakarta','Bogor','Padang','Medado','Medan','C',1,1,1,'2022-02-01 10:40:02','2022-02-01 10:40:02'),
(471,'kota ….. menghailkan semen',7,5,'Jakarta','Bogor','Padang','Medado','Medan','C',1,1,1,'2022-02-01 10:40:02','2022-02-01 10:40:02'),
(472,'kota ….. menghailkan semen',7,5,'Jakarta','Bogor','Padang','Medado','Medan','A',1,1,1,'2022-02-01 10:40:02','2022-02-01 10:40:02'),
(473,'kota ….. menghailkan semen',7,5,'Jakarta','Bogor','Padang','Medado','Medan','B|E',1,1,1,'2022-02-01 10:40:02','2022-02-01 10:40:02'),
(474,'kota ….. menghailkan semen',7,5,'Jakarta','Bogor','Padang','Medado','Medan','D',1,1,1,'2022-02-01 10:40:02','2022-02-01 10:40:02'),
(475,'kota ….. menghailkan semen',7,5,'Jakarta','Bogor','Padang','Medado','Medan','D',1,1,1,'2022-02-01 10:40:02','2022-02-01 10:40:02'),
(476,'kota ….. menghailkan semen',7,5,'Jakarta','Bogor','Padang','Medado','Medan','E',1,1,1,'2022-02-01 10:40:02','2022-02-01 10:40:02'),
(477,'kota ….. menghailkan semen',7,5,'Jakarta','Bogor','Padang','Medado','Medan','B',1,1,1,'2022-02-01 10:40:02','2022-02-01 10:40:02'),
(478,'Pilihlah 1 kata yang artinya paling berbeda',8,5,'Jurusan','Timur','Perjalanan','Arah','Selatan','C',1,2,1,'2022-02-01 10:40:10','2022-02-01 10:40:10'),
(479,'Pilihlah 1 kata yang artinya paling berbeda',8,5,'Jurusan','Timur','Perjalanan','Arah','Selatan','B',1,2,1,'2022-02-01 10:40:10','2022-02-01 10:40:10'),
(480,'Pilihlah 1 kata yang artinya paling berbeda',8,5,'Jurusan','Timur','Perjalanan','Arah','Selatan','B',1,2,1,'2022-02-01 10:40:10','2022-02-01 10:40:10'),
(481,'Pilihlah 1 kata yang artinya paling berbeda',8,5,'Jurusan','Timur','Perjalanan','Arah','Selatan','D',1,2,1,'2022-02-01 10:40:10','2022-02-01 10:40:10'),
(482,'Pilihlah 1 kata yang artinya paling berbeda',8,5,'Jurusan','Timur','Perjalanan','Arah','Selatan','C',1,2,1,'2022-02-01 10:40:10','2022-02-01 10:40:10'),
(483,'Pilihlah 1 kata yang artinya paling berbeda',8,5,'Jurusan','Timur','Perjalanan','Arah','Selatan','D',1,2,1,'2022-02-01 10:40:10','2022-02-01 10:40:10'),
(484,'Pilihlah 1 kata yang artinya paling berbeda',8,5,'Jurusan','Timur','Perjalanan','Arah','Selatan','B',1,2,1,'2022-02-01 10:40:10','2022-02-01 10:40:10'),
(485,'Pilihlah 1 kata yang artinya paling berbeda',8,5,'Jurusan','Timur','Perjalanan','Arah','Selatan','D',1,2,1,'2022-02-01 10:40:10','2022-02-01 10:40:10'),
(486,'Pilihlah 1 kata yang artinya paling berbeda',8,5,'Jurusan','Timur','Perjalanan','Arah','Selatan','A',1,2,1,'2022-02-01 10:40:10','2022-02-01 10:40:10'),
(487,'Pilihlah 1 kata yang artinya paling berbeda',8,5,'Jurusan','Timur','Perjalanan','Arah','Selatan','E',1,2,1,'2022-02-01 10:40:10','2022-02-01 10:40:10'),
(488,'Pilihlah 1 kata yang artinya paling berbeda',8,5,'Jurusan','Timur','Perjalanan','Arah','Selatan','C',1,2,1,'2022-02-01 10:40:10','2022-02-01 10:40:10'),
(489,'Pilihlah 1 kata yang artinya paling berbeda',8,5,'Jurusan','Timur','Perjalanan','Arah','Selatan','C',1,2,1,'2022-02-01 10:40:10','2022-02-01 10:40:10'),
(490,'Pilihlah 1 kata yang artinya paling berbeda',8,5,'Jurusan','Timur','Perjalanan','Arah','Selatan','B',1,2,1,'2022-02-01 10:40:10','2022-02-01 10:40:10'),
(491,'Pilihlah 1 kata yang artinya paling berbeda',8,5,'Jurusan','Timur','Perjalanan','Arah','Selatan','D',1,2,1,'2022-02-01 10:40:10','2022-02-01 10:40:10'),
(492,'Pilihlah 1 kata yang artinya paling berbeda',8,5,'Jurusan','Timur','Perjalanan','Arah','Selatan','E',1,2,1,'2022-02-01 10:40:10','2022-02-01 10:40:10'),
(493,'Pilihlah 1 kata yang artinya paling berbeda',8,5,'Jurusan','Timur','Perjalanan','Arah','Selatan','B',1,2,1,'2022-02-01 10:40:10','2022-02-01 10:40:10'),
(494,'Pilihlah 1 kata yang artinya paling berbeda',8,5,'Jurusan','Timur','Perjalanan','Arah','Selatan','C',1,2,1,'2022-02-01 10:40:10','2022-02-01 10:40:10'),
(495,'Pilihlah 1 kata yang artinya paling berbeda',8,5,'Jurusan','Timur','Perjalanan','Arah','Selatan','C',1,2,1,'2022-02-01 10:40:10','2022-02-01 10:40:10'),
(496,'Pilihlah 1 kata yang artinya paling berbeda',8,5,'Jurusan','Timur','Perjalanan','Arah','Selatan','D',1,2,1,'2022-02-01 10:40:10','2022-02-01 10:40:10'),
(497,'Pilihlah 1 kata yang artinya paling berbeda',8,5,'Jurusan','Timur','Perjalanan','Arah','Selatan','B',1,2,1,'2022-02-01 10:40:10','2022-02-01 10:40:10'),
(498,'link gambar',9,5,'link jawaban a','link jawaban b','link jawaban c','link jawaban d','link jawaban e','C',2,2,1,'2022-02-01 10:40:29','2022-02-01 10:40:29'),
(499,'link gambar',9,5,'link jawaban a','link jawaban b','link jawaban c','link jawaban d','link jawaban e','B',2,2,1,'2022-02-01 10:40:29','2022-02-01 10:40:29'),
(500,'link gambar',9,5,'link jawaban a','link jawaban b','link jawaban c','link jawaban d','link jawaban e','E',2,2,1,'2022-02-01 10:40:29','2022-02-01 10:40:29'),
(501,'link gambar',9,5,'link jawaban a','link jawaban b','link jawaban c','link jawaban d','link jawaban e','A',2,2,1,'2022-02-01 10:40:29','2022-02-01 10:40:29'),
(502,'link gambar',9,5,'link jawaban a','link jawaban b','link jawaban c','link jawaban d','link jawaban e','D',2,2,1,'2022-02-01 10:40:29','2022-02-01 10:40:29'),
(503,'link gambar',9,5,'link jawaban a','link jawaban b','link jawaban c','link jawaban d','link jawaban e','D',2,2,1,'2022-02-01 10:40:29','2022-02-01 10:40:29'),
(504,'link gambar',9,5,'link jawaban a','link jawaban b','link jawaban c','link jawaban d','link jawaban e','B',2,2,1,'2022-02-01 10:40:29','2022-02-01 10:40:29'),
(505,'link gambar',9,5,'link jawaban a','link jawaban b','link jawaban c','link jawaban d','link jawaban e','A',2,2,1,'2022-02-01 10:40:29','2022-02-01 10:40:29'),
(506,'link gambar',9,5,'link jawaban a','link jawaban b','link jawaban c','link jawaban d','link jawaban e','C',2,2,1,'2022-02-01 10:40:29','2022-02-01 10:40:29'),
(507,'link gambar',9,5,'link jawaban a','link jawaban b','link jawaban c','link jawaban d','link jawaban e','E',2,2,1,'2022-02-01 10:40:29','2022-02-01 10:40:29'),
(508,'link gambar',9,5,'link jawaban a','link jawaban b','link jawaban c','link jawaban d','link jawaban e','A',2,2,1,'2022-02-01 10:40:29','2022-02-01 10:40:29'),
(509,'link gambar',9,5,'link jawaban a','link jawaban b','link jawaban c','link jawaban d','link jawaban e','C',2,2,1,'2022-02-01 10:40:29','2022-02-01 10:40:29'),
(510,'link gambar',9,5,'link jawaban a','link jawaban b','link jawaban c','link jawaban d','link jawaban e','C',2,2,1,'2022-02-01 10:40:29','2022-02-01 10:40:29'),
(511,'link gambar',9,5,'link jawaban a','link jawaban b','link jawaban c','link jawaban d','link jawaban e','A',2,2,1,'2022-02-01 10:40:29','2022-02-01 10:40:29'),
(512,'link gambar',9,5,'link jawaban a','link jawaban b','link jawaban c','link jawaban d','link jawaban e','E',2,2,1,'2022-02-01 10:40:29','2022-02-01 10:40:29'),
(513,'link gambar',9,5,'link jawaban a','link jawaban b','link jawaban c','link jawaban d','link jawaban e','A',2,2,1,'2022-02-01 10:40:29','2022-02-01 10:40:29'),
(514,'link gambar',9,5,'link jawaban a','link jawaban b','link jawaban c','link jawaban d','link jawaban e','D',2,2,1,'2022-02-01 10:40:29','2022-02-01 10:40:29'),
(515,'link gambar',9,5,'link jawaban a','link jawaban b','link jawaban c','link jawaban d','link jawaban e','C',2,2,1,'2022-02-01 10:40:29','2022-02-01 10:40:29'),
(516,'link gambar',9,5,'link jawaban a','link jawaban b','link jawaban c','link jawaban d','link jawaban e','D',2,2,1,'2022-02-01 10:40:29','2022-02-01 10:40:29'),
(517,'link gambar',9,5,'link jawaban a','link jawaban b','link jawaban c','link jawaban d','link jawaban e','D',2,2,1,'2022-02-01 10:40:29','2022-02-01 10:40:29'),
(518,'link gambar',10,2,'x','o','-','-','-','x',1,2,1,'2022-02-01 10:40:43','2022-02-01 10:40:43'),
(519,'link gambar',10,2,'x','o','-','-','-','x',1,2,1,'2022-02-01 10:40:43','2022-02-01 10:40:43'),
(520,'link gambar',10,2,'x','o','-','-','-','x',1,2,1,'2022-02-01 10:40:43','2022-02-01 10:40:43'),
(521,'link gambar',10,2,'x','o','-','-','-','o',1,2,1,'2022-02-01 10:40:43','2022-02-01 10:40:43'),
(522,'link gambar',10,2,'x','o','-','-','-','x',1,2,1,'2022-02-01 10:40:43','2022-02-01 10:40:43'),
(523,'link gambar',10,2,'x','o','-','-','-','o',1,2,1,'2022-02-01 10:40:43','2022-02-01 10:40:43'),
(524,'link gambar',10,2,'x','o','-','-','-','o',1,2,1,'2022-02-01 10:40:43','2022-02-01 10:40:43'),
(525,'link gambar',10,2,'x','o','-','-','-','o',1,2,1,'2022-02-01 10:40:43','2022-02-01 10:40:43'),
(526,'link gambar',10,2,'x','o','-','-','-','o',1,2,1,'2022-02-01 10:40:43','2022-02-01 10:40:43'),
(527,'link gambar',10,2,'x','o','-','-','-','x',1,2,1,'2022-02-01 10:40:43','2022-02-01 10:40:43'),
(528,'link gambar',10,2,'x','o','-','-','-','o',1,2,1,'2022-02-01 10:40:43','2022-02-01 10:40:43'),
(529,'link gambar',10,2,'x','o','-','-','-','o',1,2,1,'2022-02-01 10:40:43','2022-02-01 10:40:43'),
(530,'link gambar',10,2,'x','o','-','-','-','o',1,2,1,'2022-02-01 10:40:43','2022-02-01 10:40:43'),
(531,'link gambar',10,2,'x','o','-','-','-','x',1,2,1,'2022-02-01 10:40:43','2022-02-01 10:40:43'),
(532,'link gambar',10,2,'x','o','-','-','-','o',1,2,1,'2022-02-01 10:40:43','2022-02-01 10:40:43'),
(533,'link gambar',10,2,'x','o','-','-','-','x',1,2,1,'2022-02-01 10:40:43','2022-02-01 10:40:43'),
(534,'link gambar',10,2,'x','o','-','-','-','o',1,2,1,'2022-02-01 10:40:43','2022-02-01 10:40:43'),
(535,'link gambar',10,2,'x','o','-','-','-','x',1,2,1,'2022-02-01 10:40:43','2022-02-01 10:40:43'),
(536,'link gambar',10,2,'x','o','-','-','-','x',1,2,1,'2022-02-01 10:40:43','2022-02-01 10:40:43'),
(537,'link gambar',10,2,'x','o','-','-','-','o',1,2,1,'2022-02-01 10:40:43','2022-02-01 10:40:43'),
(538,'link gambar',10,2,'x','o','-','-','-','o',1,2,1,'2022-02-01 10:40:43','2022-02-01 10:40:43'),
(539,'link gambar',10,2,'x','o','-','-','-','x',1,2,1,'2022-02-01 10:40:43','2022-02-01 10:40:43'),
(540,'link gambar',10,2,'x','o','-','-','-','o',1,2,1,'2022-02-01 10:40:43','2022-02-01 10:40:43'),
(541,'link gambar',10,2,'x','o','-','-','-','x',1,2,1,'2022-02-01 10:40:43','2022-02-01 10:40:43'),
(542,'link gambar',10,2,'x','o','-','-','-','x',1,2,1,'2022-02-01 10:40:43','2022-02-01 10:40:43'),
(543,'link gambar',10,2,'x','o','-','-','-','x',1,2,1,'2022-02-01 10:40:43','2022-02-01 10:40:43'),
(544,'link gambar',10,2,'x','o','-','-','-','x',1,2,1,'2022-02-01 10:40:43','2022-02-01 10:40:43'),
(545,'link gambar',10,2,'x','o','-','-','-','x',1,2,1,'2022-02-01 10:40:43','2022-02-01 10:40:43'),
(546,'link gambar',10,2,'x','o','-','-','-','x',1,2,1,'2022-02-01 10:40:43','2022-02-01 10:40:43'),
(547,'link gambar',10,2,'x','o','-','-','-','o',1,2,1,'2022-02-01 10:40:43','2022-02-01 10:40:43'),
(548,'link gambar',10,2,'x','o','-','-','-','o',1,2,1,'2022-02-01 10:40:43','2022-02-01 10:40:43'),
(549,'link gambar',10,2,'x','o','-','-','-','o',1,2,1,'2022-02-01 10:40:43','2022-02-01 10:40:43'),
(550,'link gambar',10,2,'x','o','-','-','-','x',1,2,1,'2022-02-01 10:40:43','2022-02-01 10:40:43'),
(551,'link gambar',10,2,'x','o','-','-','-','x',1,2,1,'2022-02-01 10:40:43','2022-02-01 10:40:43'),
(552,'link gambar',10,2,'x','o','-','-','-','o',1,2,1,'2022-02-01 10:40:43','2022-02-01 10:40:43'),
(553,'link gambar',10,2,'x','o','-','-','-','o',1,2,1,'2022-02-01 10:40:43','2022-02-01 10:40:43'),
(554,'link gambar',10,2,'x','o','-','-','-','o',1,2,1,'2022-02-01 10:40:43','2022-02-01 10:40:43'),
(555,'link gambar',10,2,'x','o','-','-','-','x',1,2,1,'2022-02-01 10:40:43','2022-02-01 10:40:43'),
(556,'link gambar',10,2,'x','o','-','-','-','o',1,2,1,'2022-02-01 10:40:43','2022-02-01 10:40:43'),
(557,'link gambar',10,2,'x','o','-','-','-','o',1,2,1,'2022-02-01 10:40:43','2022-02-01 10:40:43'),
(558,'link gambar',10,2,'x','o','-','-','-','o',1,2,1,'2022-02-01 10:40:43','2022-02-01 10:40:43'),
(559,'link gambar',10,2,'x','o','-','-','-','o',1,2,1,'2022-02-01 10:40:43','2022-02-01 10:40:43'),
(560,'link gambar',10,2,'x','o','-','-','-','x',1,2,1,'2022-02-01 10:40:43','2022-02-01 10:40:43'),
(561,'link gambar',10,2,'x','o','-','-','-','o',1,2,1,'2022-02-01 10:40:43','2022-02-01 10:40:43'),
(562,'link gambar',10,2,'x','o','-','-','-','x',1,2,1,'2022-02-01 10:40:43','2022-02-01 10:40:43'),
(563,'link gambar',10,2,'x','o','-','-','-','o',1,2,1,'2022-02-01 10:40:43','2022-02-01 10:40:43'),
(564,'link gambar',10,2,'x','o','-','-','-','x',1,2,1,'2022-02-01 10:40:43','2022-02-01 10:40:43'),
(565,'link gambar',10,2,'x','o','-','-','-','x',1,2,1,'2022-02-01 10:40:43','2022-02-01 10:40:43'),
(566,'link gambar',10,2,'x','o','-','-','-','x',1,2,1,'2022-02-01 10:40:43','2022-02-01 10:40:43'),
(567,'link gambar',10,2,'x','o','-','-','-','o',1,2,1,'2022-02-01 10:40:43','2022-02-01 10:40:43'),
(568,'link gambar',10,2,'x','o','-','-','-','x',1,2,1,'2022-02-01 10:40:43','2022-02-01 10:40:43'),
(569,'link gambar',10,2,'x','o','-','-','-','o',1,2,1,'2022-02-01 10:40:43','2022-02-01 10:40:43'),
(570,'link gambar',10,2,'x','o','-','-','-','x',1,2,1,'2022-02-01 10:40:43','2022-02-01 10:40:43'),
(571,'link gambar',10,2,'x','o','-','-','-','x',1,2,1,'2022-02-01 10:40:43','2022-02-01 10:40:43'),
(572,'link gambar',10,2,'x','o','-','-','-','x',1,2,1,'2022-02-01 10:40:43','2022-02-01 10:40:43'),
(573,'link gambar',10,2,'x','o','-','-','-','x',1,2,1,'2022-02-01 10:40:43','2022-02-01 10:40:43'),
(574,'link gambar',10,2,'x','o','-','-','-','o',1,2,1,'2022-02-01 10:40:43','2022-02-01 10:40:43'),
(575,'link gambar',10,2,'x','o','-','-','-','x',1,2,1,'2022-02-01 10:40:43','2022-02-01 10:40:43'),
(576,'link gambar',10,2,'x','o','-','-','-','x',1,2,1,'2022-02-01 10:40:43','2022-02-01 10:40:43'),
(577,'link gambar',10,2,'x','o','-','-','-','x',1,2,1,'2022-02-01 10:40:43','2022-02-01 10:40:43'),
(578,'link gambar',10,2,'x','o','-','-','-','x',1,2,1,'2022-02-01 10:40:43','2022-02-01 10:40:43'),
(579,'link gambar',10,2,'x','o','-','-','-','x',1,2,1,'2022-02-01 10:40:43','2022-02-01 10:40:43'),
(580,'link gambar',10,2,'x','o','-','-','-','o',1,2,1,'2022-02-01 10:40:43','2022-02-01 10:40:43'),
(581,'link gambar',10,2,'x','o','-','-','-','o',1,2,1,'2022-02-01 10:40:43','2022-02-01 10:40:43'),
(582,'link gambar',10,2,'x','o','-','-','-','x',1,2,1,'2022-02-01 10:40:43','2022-02-01 10:40:43'),
(583,'link gambar',10,2,'x','o','-','-','-','x',1,2,1,'2022-02-01 10:40:43','2022-02-01 10:40:43'),
(584,'link gambar',10,2,'x','o','-','-','-','o',1,2,1,'2022-02-01 10:40:43','2022-02-01 10:40:43'),
(585,'link gambar',10,2,'x','o','-','-','-','x',1,2,1,'2022-02-01 10:40:43','2022-02-01 10:40:43'),
(586,'link gambar',10,2,'x','o','-','-','-','x',1,2,1,'2022-02-01 10:40:43','2022-02-01 10:40:43'),
(587,'link gambar',10,2,'x','o','-','-','-','o',1,2,1,'2022-02-01 10:40:43','2022-02-01 10:40:43'),
(588,'link gambar',10,2,'x','o','-','-','-','x',1,2,1,'2022-02-01 10:40:43','2022-02-01 10:40:43'),
(589,'link gambar',10,2,'x','o','-','-','-','o',1,2,1,'2022-02-01 10:40:43','2022-02-01 10:40:43'),
(590,'link gambar',10,2,'x','o','-','-','-','x',1,2,1,'2022-02-01 10:40:43','2022-02-01 10:40:43'),
(591,'link gambar',10,2,'x','o','-','-','-','x',1,2,1,'2022-02-01 10:40:43','2022-02-01 10:40:43'),
(592,'link gambar',10,2,'x','o','-','-','-','o',1,2,1,'2022-02-01 10:40:43','2022-02-01 10:40:43'),
(593,'link gambar',10,2,'x','o','-','-','-','x',1,2,1,'2022-02-01 10:40:43','2022-02-01 10:40:43'),
(594,'link gambar',10,2,'x','o','-','-','-','x',1,2,1,'2022-02-01 10:40:43','2022-02-01 10:40:43'),
(595,'link gambar',10,2,'x','o','-','-','-','o',1,2,1,'2022-02-01 10:40:43','2022-02-01 10:40:43'),
(596,'link gambar',10,2,'x','o','-','-','-','o',1,2,1,'2022-02-01 10:40:43','2022-02-01 10:40:43'),
(597,'link gambar',10,2,'x','o','-','-','-','o',1,2,1,'2022-02-01 10:40:43','2022-02-01 10:40:43'),
(599,'Pertanyaan EPPS',11,2,'opsi a','opsi b','opsi c','opsi d','opsi e','-',1,1,1,'2022-02-01 10:38:45','2022-02-01 10:38:45'),
(600,'Pertanyaan EPPS',11,2,'opsi a','opsi b','opsi c','opsi d','opsi e','-',1,1,1,'2022-02-01 10:38:45','2022-02-01 10:38:45'),
(601,'Pertanyaan EPPS',11,2,'opsi a','opsi b','opsi c','opsi d','opsi e','-',1,1,1,'2022-02-01 10:38:45','2022-02-01 10:38:45'),
(602,'Pertanyaan EPPS',11,2,'opsi a','opsi b','opsi c','opsi d','opsi e','-',1,1,1,'2022-02-01 10:38:45','2022-02-01 10:38:45'),
(603,'Pertanyaan EPPS',11,2,'opsi a','opsi b','opsi c','opsi d','opsi e','-',1,1,1,'2022-02-01 10:38:45','2022-02-01 10:38:45'),
(604,'Pertanyaan EPPS',11,2,'opsi a','opsi b','opsi c','opsi d','opsi e','-',1,1,1,'2022-02-01 10:38:45','2022-02-01 10:38:45'),
(605,'Pertanyaan EPPS',11,2,'opsi a','opsi b','opsi c','opsi d','opsi e','-',1,1,1,'2022-02-01 10:38:45','2022-02-01 10:38:45'),
(606,'Pertanyaan EPPS',11,2,'opsi a','opsi b','opsi c','opsi d','opsi e','-',1,1,1,'2022-02-01 10:38:45','2022-02-01 10:38:45'),
(607,'Pertanyaan EPPS',11,2,'opsi a','opsi b','opsi c','opsi d','opsi e','-',1,1,1,'2022-02-01 10:38:45','2022-02-01 10:38:45'),
(608,'Pertanyaan EPPS',11,2,'opsi a','opsi b','opsi c','opsi d','opsi e','-',1,1,1,'2022-02-01 10:38:45','2022-02-01 10:38:45'),
(609,'Pertanyaan EPPS',11,2,'opsi a','opsi b','opsi c','opsi d','opsi e','-',1,1,1,'2022-02-01 10:38:45','2022-02-01 10:38:45'),
(610,'Pertanyaan EPPS',11,2,'opsi a','opsi b','opsi c','opsi d','opsi e','-',1,1,1,'2022-02-01 10:38:45','2022-02-01 10:38:45'),
(611,'Pertanyaan EPPS',11,2,'opsi a','opsi b','opsi c','opsi d','opsi e','-',1,1,1,'2022-02-01 10:38:45','2022-02-01 10:38:45'),
(612,'Pertanyaan EPPS',11,2,'opsi a','opsi b','opsi c','opsi d','opsi e','-',1,1,1,'2022-02-01 10:38:45','2022-02-01 10:38:45'),
(613,'Pertanyaan EPPS',11,2,'opsi a','opsi b','opsi c','opsi d','opsi e','-',1,1,1,'2022-02-01 10:38:45','2022-02-01 10:38:45'),
(614,'Pertanyaan EPPS',11,2,'opsi a','opsi b','opsi c','opsi d','opsi e','-',1,1,1,'2022-02-01 10:38:45','2022-02-01 10:38:45'),
(615,'Pertanyaan EPPS',11,2,'opsi a','opsi b','opsi c','opsi d','opsi e','-',1,1,1,'2022-02-01 10:38:45','2022-02-01 10:38:45'),
(616,'Pertanyaan EPPS',11,2,'opsi a','opsi b','opsi c','opsi d','opsi e','-',1,1,1,'2022-02-01 10:38:45','2022-02-01 10:38:45'),
(617,'Pertanyaan EPPS',11,2,'opsi a','opsi b','opsi c','opsi d','opsi e','-',1,1,1,'2022-02-01 10:38:45','2022-02-01 10:38:45'),
(618,'Pertanyaan EPPS',11,2,'opsi a','opsi b','opsi c','opsi d','opsi e','-',1,1,1,'2022-02-01 10:38:45','2022-02-01 10:38:45'),
(619,'Pertanyaan EPPS',11,2,'opsi a','opsi b','opsi c','opsi d','opsi e','-',1,1,1,'2022-02-01 10:38:45','2022-02-01 10:38:45'),
(620,'Pertanyaan EPPS',11,2,'opsi a','opsi b','opsi c','opsi d','opsi e','-',1,1,1,'2022-02-01 10:38:45','2022-02-01 10:38:45'),
(621,'Pertanyaan EPPS',11,2,'opsi a','opsi b','opsi c','opsi d','opsi e','-',1,1,1,'2022-02-01 10:38:45','2022-02-01 10:38:45'),
(622,'Pertanyaan EPPS',11,2,'opsi a','opsi b','opsi c','opsi d','opsi e','-',1,1,1,'2022-02-01 10:38:45','2022-02-01 10:38:45'),
(623,'Pertanyaan EPPS',11,2,'opsi a','opsi b','opsi c','opsi d','opsi e','-',1,1,1,'2022-02-01 10:38:45','2022-02-01 10:38:45'),
(624,'Pertanyaan EPPS',11,2,'opsi a','opsi b','opsi c','opsi d','opsi e','-',1,1,1,'2022-02-01 10:38:45','2022-02-01 10:38:45'),
(625,'Pertanyaan EPPS',11,2,'opsi a','opsi b','opsi c','opsi d','opsi e','-',1,1,1,'2022-02-01 10:38:45','2022-02-01 10:38:45'),
(626,'Pertanyaan EPPS',11,2,'opsi a','opsi b','opsi c','opsi d','opsi e','-',1,1,1,'2022-02-01 10:38:45','2022-02-01 10:38:45'),
(627,'Pertanyaan EPPS',11,2,'opsi a','opsi b','opsi c','opsi d','opsi e','-',1,1,1,'2022-02-01 10:38:45','2022-02-01 10:38:45'),
(628,'Pertanyaan EPPS',11,2,'opsi a','opsi b','opsi c','opsi d','opsi e','-',1,1,1,'2022-02-01 10:38:45','2022-02-01 10:38:45'),
(629,'Pertanyaan EPPS',11,2,'opsi a','opsi b','opsi c','opsi d','opsi e','-',1,1,1,'2022-02-01 10:38:45','2022-02-01 10:38:45'),
(630,'Pertanyaan EPPS',11,2,'opsi a','opsi b','opsi c','opsi d','opsi e','-',1,1,1,'2022-02-01 10:38:45','2022-02-01 10:38:45'),
(631,'Pertanyaan EPPS',11,2,'opsi a','opsi b','opsi c','opsi d','opsi e','-',1,1,1,'2022-02-01 10:38:45','2022-02-01 10:38:45'),
(632,'Pertanyaan EPPS',11,2,'opsi a','opsi b','opsi c','opsi d','opsi e','-',1,1,1,'2022-02-01 10:38:45','2022-02-01 10:38:45'),
(633,'Pertanyaan EPPS',11,2,'opsi a','opsi b','opsi c','opsi d','opsi e','-',1,1,1,'2022-02-01 10:38:45','2022-02-01 10:38:45'),
(634,'Pertanyaan EPPS',11,2,'opsi a','opsi b','opsi c','opsi d','opsi e','-',1,1,1,'2022-02-01 10:38:45','2022-02-01 10:38:45'),
(635,'Pertanyaan EPPS',11,2,'opsi a','opsi b','opsi c','opsi d','opsi e','-',1,1,1,'2022-02-01 10:38:45','2022-02-01 10:38:45'),
(636,'Pertanyaan EPPS',11,2,'opsi a','opsi b','opsi c','opsi d','opsi e','-',1,1,1,'2022-02-01 10:38:45','2022-02-01 10:38:45'),
(637,'Pertanyaan EPPS',11,2,'opsi a','opsi b','opsi c','opsi d','opsi e','-',1,1,1,'2022-02-01 10:38:45','2022-02-01 10:38:45'),
(638,'Pertanyaan EPPS',11,2,'opsi a','opsi b','opsi c','opsi d','opsi e','-',1,1,1,'2022-02-01 10:38:45','2022-02-01 10:38:45'),
(639,'Pertanyaan EPPS',11,2,'opsi a','opsi b','opsi c','opsi d','opsi e','-',1,1,1,'2022-02-01 10:38:45','2022-02-01 10:38:45'),
(640,'Pertanyaan EPPS',11,2,'opsi a','opsi b','opsi c','opsi d','opsi e','-',1,1,1,'2022-02-01 10:38:45','2022-02-01 10:38:45'),
(641,'Pertanyaan EPPS',11,2,'opsi a','opsi b','opsi c','opsi d','opsi e','-',1,1,1,'2022-02-01 10:38:45','2022-02-01 10:38:45'),
(642,'Pertanyaan EPPS',11,2,'opsi a','opsi b','opsi c','opsi d','opsi e','-',1,1,1,'2022-02-01 10:38:45','2022-02-01 10:38:45'),
(643,'Pertanyaan EPPS',11,2,'opsi a','opsi b','opsi c','opsi d','opsi e','-',1,1,1,'2022-02-01 10:38:45','2022-02-01 10:38:45'),
(644,'Pertanyaan EPPS',11,2,'opsi a','opsi b','opsi c','opsi d','opsi e','-',1,1,1,'2022-02-01 10:38:45','2022-02-01 10:38:45'),
(645,'Pertanyaan EPPS',11,2,'opsi a','opsi b','opsi c','opsi d','opsi e','-',1,1,1,'2022-02-01 10:38:45','2022-02-01 10:38:45'),
(646,'Pertanyaan EPPS',11,2,'opsi a','opsi b','opsi c','opsi d','opsi e','-',1,1,1,'2022-02-01 10:38:45','2022-02-01 10:38:45'),
(647,'Pertanyaan EPPS',11,2,'opsi a','opsi b','opsi c','opsi d','opsi e','-',1,1,1,'2022-02-01 10:38:45','2022-02-01 10:38:45'),
(648,'Pertanyaan EPPS',11,2,'opsi a','opsi b','opsi c','opsi d','opsi e','-',1,1,1,'2022-02-01 10:38:45','2022-02-01 10:38:45'),
(649,'Pertanyaan EPPS',11,2,'opsi a','opsi b','opsi c','opsi d','opsi e','-',1,1,1,'2022-02-01 10:38:45','2022-02-01 10:38:45'),
(650,'Pertanyaan EPPS',11,2,'opsi a','opsi b','opsi c','opsi d','opsi e','-',1,1,1,'2022-02-01 10:38:45','2022-02-01 10:38:45'),
(651,'Pertanyaan EPPS',11,2,'opsi a','opsi b','opsi c','opsi d','opsi e','-',1,1,1,'2022-02-01 10:38:45','2022-02-01 10:38:45'),
(652,'Pertanyaan EPPS',11,2,'opsi a','opsi b','opsi c','opsi d','opsi e','-',1,1,1,'2022-02-01 10:38:45','2022-02-01 10:38:45'),
(653,'Pertanyaan EPPS',11,2,'opsi a','opsi b','opsi c','opsi d','opsi e','-',1,1,1,'2022-02-01 10:38:45','2022-02-01 10:38:45'),
(654,'Pertanyaan EPPS',11,2,'opsi a','opsi b','opsi c','opsi d','opsi e','-',1,1,1,'2022-02-01 10:38:45','2022-02-01 10:38:45'),
(655,'Pertanyaan EPPS',11,2,'opsi a','opsi b','opsi c','opsi d','opsi e','-',1,1,1,'2022-02-01 10:38:45','2022-02-01 10:38:45'),
(656,'Pertanyaan EPPS',11,2,'opsi a','opsi b','opsi c','opsi d','opsi e','-',1,1,1,'2022-02-01 10:38:45','2022-02-01 10:38:45'),
(657,'Pertanyaan EPPS',11,2,'opsi a','opsi b','opsi c','opsi d','opsi e','-',1,1,1,'2022-02-01 10:38:45','2022-02-01 10:38:45'),
(658,'Pertanyaan EPPS',11,2,'opsi a','opsi b','opsi c','opsi d','opsi e','-',1,1,1,'2022-02-01 10:38:45','2022-02-01 10:38:45'),
(659,'Pertanyaan EPPS',11,2,'opsi a','opsi b','opsi c','opsi d','opsi e','-',1,1,1,'2022-02-01 10:38:45','2022-02-01 10:38:45'),
(660,'Pertanyaan EPPS',11,2,'opsi a','opsi b','opsi c','opsi d','opsi e','-',1,1,1,'2022-02-01 10:38:45','2022-02-01 10:38:45'),
(661,'Pertanyaan EPPS',11,2,'opsi a','opsi b','opsi c','opsi d','opsi e','-',1,1,1,'2022-02-01 10:38:45','2022-02-01 10:38:45'),
(662,'Pertanyaan EPPS',11,2,'opsi a','opsi b','opsi c','opsi d','opsi e','-',1,1,1,'2022-02-01 10:38:45','2022-02-01 10:38:45'),
(663,'Pertanyaan EPPS',11,2,'opsi a','opsi b','opsi c','opsi d','opsi e','-',1,1,1,'2022-02-01 10:38:45','2022-02-01 10:38:45'),
(664,'Pertanyaan EPPS',11,2,'opsi a','opsi b','opsi c','opsi d','opsi e','-',1,1,1,'2022-02-01 10:38:45','2022-02-01 10:38:45'),
(665,'Pertanyaan EPPS',11,2,'opsi a','opsi b','opsi c','opsi d','opsi e','-',1,1,1,'2022-02-01 10:38:45','2022-02-01 10:38:45'),
(666,'Pertanyaan EPPS',11,2,'opsi a','opsi b','opsi c','opsi d','opsi e','-',1,1,1,'2022-02-01 10:38:45','2022-02-01 10:38:45'),
(667,'Pertanyaan EPPS',11,2,'opsi a','opsi b','opsi c','opsi d','opsi e','-',1,1,1,'2022-02-01 10:38:45','2022-02-01 10:38:45'),
(668,'Pertanyaan EPPS',11,2,'opsi a','opsi b','opsi c','opsi d','opsi e','-',1,1,1,'2022-02-01 10:38:45','2022-02-01 10:38:45'),
(669,'Pertanyaan EPPS',11,2,'opsi a','opsi b','opsi c','opsi d','opsi e','-',1,1,1,'2022-02-01 10:38:45','2022-02-01 10:38:45'),
(670,'Pertanyaan EPPS',11,2,'opsi a','opsi b','opsi c','opsi d','opsi e','-',1,1,1,'2022-02-01 10:38:45','2022-02-01 10:38:45'),
(671,'Pertanyaan EPPS',11,2,'opsi a','opsi b','opsi c','opsi d','opsi e','-',1,1,1,'2022-02-01 10:38:45','2022-02-01 10:38:45'),
(672,'Pertanyaan EPPS',11,2,'opsi a','opsi b','opsi c','opsi d','opsi e','-',1,1,1,'2022-02-01 10:38:45','2022-02-01 10:38:45'),
(673,'Pertanyaan EPPS',11,2,'opsi a','opsi b','opsi c','opsi d','opsi e','-',1,1,1,'2022-02-01 10:38:45','2022-02-01 10:38:45'),
(674,'Pertanyaan EPPS',11,2,'opsi a','opsi b','opsi c','opsi d','opsi e','-',1,1,1,'2022-02-01 10:38:45','2022-02-01 10:38:45'),
(675,'Pertanyaan EPPS',11,2,'opsi a','opsi b','opsi c','opsi d','opsi e','-',1,1,1,'2022-02-01 10:38:45','2022-02-01 10:38:45'),
(676,'Pertanyaan EPPS',11,2,'opsi a','opsi b','opsi c','opsi d','opsi e','-',1,1,1,'2022-02-01 10:38:45','2022-02-01 10:38:45'),
(677,'Pertanyaan EPPS',11,2,'opsi a','opsi b','opsi c','opsi d','opsi e','-',1,1,1,'2022-02-01 10:38:45','2022-02-01 10:38:45'),
(678,'Pertanyaan EPPS',11,2,'opsi a','opsi b','opsi c','opsi d','opsi e','-',1,1,1,'2022-02-01 10:38:45','2022-02-01 10:38:45'),
(679,'Pertanyaan EPPS',11,2,'opsi a','opsi b','opsi c','opsi d','opsi e','-',1,1,1,'2022-02-01 10:38:45','2022-02-01 10:38:45'),
(680,'Pertanyaan EPPS',11,2,'opsi a','opsi b','opsi c','opsi d','opsi e','-',1,1,1,'2022-02-01 10:38:45','2022-02-01 10:38:45'),
(681,'Pertanyaan EPPS',11,2,'opsi a','opsi b','opsi c','opsi d','opsi e','-',1,1,1,'2022-02-01 10:38:45','2022-02-01 10:38:45'),
(682,'Pertanyaan EPPS',11,2,'opsi a','opsi b','opsi c','opsi d','opsi e','-',1,1,1,'2022-02-01 10:38:45','2022-02-01 10:38:45'),
(683,'Pertanyaan EPPS',11,2,'opsi a','opsi b','opsi c','opsi d','opsi e','-',1,1,1,'2022-02-01 10:38:45','2022-02-01 10:38:45'),
(684,'Pertanyaan EPPS',11,2,'opsi a','opsi b','opsi c','opsi d','opsi e','-',1,1,1,'2022-02-01 10:38:45','2022-02-01 10:38:45'),
(685,'Pertanyaan EPPS',11,2,'opsi a','opsi b','opsi c','opsi d','opsi e','-',1,1,1,'2022-02-01 10:38:45','2022-02-01 10:38:45'),
(686,'Pertanyaan EPPS',11,2,'opsi a','opsi b','opsi c','opsi d','opsi e','-',1,1,1,'2022-02-01 10:38:45','2022-02-01 10:38:45'),
(687,'Pertanyaan EPPS',11,2,'opsi a','opsi b','opsi c','opsi d','opsi e','-',1,1,1,'2022-02-01 10:38:45','2022-02-01 10:38:45'),
(688,'Pertanyaan EPPS',11,2,'opsi a','opsi b','opsi c','opsi d','opsi e','-',1,1,1,'2022-02-01 10:38:45','2022-02-01 10:38:45'),
(689,'Pertanyaan EPPS',11,2,'opsi a','opsi b','opsi c','opsi d','opsi e','-',1,1,1,'2022-02-01 10:38:45','2022-02-01 10:38:45'),
(690,'Pertanyaan EPPS',11,2,'opsi a','opsi b','opsi c','opsi d','opsi e','-',1,1,1,'2022-02-01 10:38:45','2022-02-01 10:38:45'),
(691,'Pertanyaan EPPS',11,2,'opsi a','opsi b','opsi c','opsi d','opsi e','-',1,1,1,'2022-02-01 10:38:45','2022-02-01 10:38:45'),
(692,'Pertanyaan EPPS',11,2,'opsi a','opsi b','opsi c','opsi d','opsi e','-',1,1,1,'2022-02-01 10:38:45','2022-02-01 10:38:45'),
(693,'Pertanyaan EPPS',11,2,'opsi a','opsi b','opsi c','opsi d','opsi e','-',1,1,1,'2022-02-01 10:38:45','2022-02-01 10:38:45'),
(694,'Pertanyaan EPPS',11,2,'opsi a','opsi b','opsi c','opsi d','opsi e','-',1,1,1,'2022-02-01 10:38:45','2022-02-01 10:38:45'),
(695,'Pertanyaan EPPS',11,2,'opsi a','opsi b','opsi c','opsi d','opsi e','-',1,1,1,'2022-02-01 10:38:45','2022-02-01 10:38:45'),
(696,'Pertanyaan EPPS',11,2,'opsi a','opsi b','opsi c','opsi d','opsi e','-',1,1,1,'2022-02-01 10:38:45','2022-02-01 10:38:45'),
(697,'Pertanyaan EPPS',11,2,'opsi a','opsi b','opsi c','opsi d','opsi e','-',1,1,1,'2022-02-01 10:38:45','2022-02-01 10:38:45'),
(698,'Pertanyaan EPPS',11,2,'opsi a','opsi b','opsi c','opsi d','opsi e','-',1,1,1,'2022-02-01 10:38:45','2022-02-01 10:38:45'),
(699,'Pertanyaan EPPS',11,2,'opsi a','opsi b','opsi c','opsi d','opsi e','-',1,1,1,'2022-02-01 10:38:45','2022-02-01 10:38:45'),
(700,'Pertanyaan EPPS',11,2,'opsi a','opsi b','opsi c','opsi d','opsi e','-',1,1,1,'2022-02-01 10:38:45','2022-02-01 10:38:45'),
(701,'Pertanyaan EPPS',11,2,'opsi a','opsi b','opsi c','opsi d','opsi e','-',1,1,1,'2022-02-01 10:38:45','2022-02-01 10:38:45'),
(702,'Pertanyaan EPPS',11,2,'opsi a','opsi b','opsi c','opsi d','opsi e','-',1,1,1,'2022-02-01 10:38:45','2022-02-01 10:38:45'),
(703,'Pertanyaan EPPS',11,2,'opsi a','opsi b','opsi c','opsi d','opsi e','-',1,1,1,'2022-02-01 10:38:45','2022-02-01 10:38:45'),
(704,'Pertanyaan EPPS',11,2,'opsi a','opsi b','opsi c','opsi d','opsi e','-',1,1,1,'2022-02-01 10:38:45','2022-02-01 10:38:45'),
(705,'Pertanyaan EPPS',11,2,'opsi a','opsi b','opsi c','opsi d','opsi e','-',1,1,1,'2022-02-01 10:38:45','2022-02-01 10:38:45'),
(706,'Pertanyaan EPPS',11,2,'opsi a','opsi b','opsi c','opsi d','opsi e','-',1,1,1,'2022-02-01 10:38:45','2022-02-01 10:38:45'),
(707,'Pertanyaan EPPS',11,2,'opsi a','opsi b','opsi c','opsi d','opsi e','-',1,1,1,'2022-02-01 10:38:45','2022-02-01 10:38:45'),
(708,'Pertanyaan EPPS',11,2,'opsi a','opsi b','opsi c','opsi d','opsi e','-',1,1,1,'2022-02-01 10:38:45','2022-02-01 10:38:45'),
(709,'Pertanyaan EPPS',11,2,'opsi a','opsi b','opsi c','opsi d','opsi e','-',1,1,1,'2022-02-01 10:38:45','2022-02-01 10:38:45'),
(710,'Pertanyaan EPPS',11,2,'opsi a','opsi b','opsi c','opsi d','opsi e','-',1,1,1,'2022-02-01 10:38:45','2022-02-01 10:38:45'),
(711,'Pertanyaan EPPS',11,2,'opsi a','opsi b','opsi c','opsi d','opsi e','-',1,1,1,'2022-02-01 10:38:45','2022-02-01 10:38:45'),
(712,'Pertanyaan EPPS',11,2,'opsi a','opsi b','opsi c','opsi d','opsi e','-',1,1,1,'2022-02-01 10:38:45','2022-02-01 10:38:45'),
(713,'Pertanyaan EPPS',11,2,'opsi a','opsi b','opsi c','opsi d','opsi e','-',1,1,1,'2022-02-01 10:38:45','2022-02-01 10:38:45'),
(714,'Pertanyaan EPPS',11,2,'opsi a','opsi b','opsi c','opsi d','opsi e','-',1,1,1,'2022-02-01 10:38:45','2022-02-01 10:38:45'),
(715,'Pertanyaan EPPS',11,2,'opsi a','opsi b','opsi c','opsi d','opsi e','-',1,1,1,'2022-02-01 10:38:45','2022-02-01 10:38:45'),
(716,'Pertanyaan EPPS',11,2,'opsi a','opsi b','opsi c','opsi d','opsi e','-',1,1,1,'2022-02-01 10:38:45','2022-02-01 10:38:45'),
(717,'Pertanyaan EPPS',11,2,'opsi a','opsi b','opsi c','opsi d','opsi e','-',1,1,1,'2022-02-01 10:38:45','2022-02-01 10:38:45'),
(718,'Pertanyaan EPPS',11,2,'opsi a','opsi b','opsi c','opsi d','opsi e','-',1,1,1,'2022-02-01 10:38:45','2022-02-01 10:38:45'),
(719,'Pertanyaan EPPS',11,2,'opsi a','opsi b','opsi c','opsi d','opsi e','-',1,1,1,'2022-02-01 10:38:45','2022-02-01 10:38:45'),
(720,'Pertanyaan EPPS',11,2,'opsi a','opsi b','opsi c','opsi d','opsi e','-',1,1,1,'2022-02-01 10:38:45','2022-02-01 10:38:45'),
(721,'Pertanyaan EPPS',11,2,'opsi a','opsi b','opsi c','opsi d','opsi e','-',1,1,1,'2022-02-01 10:38:45','2022-02-01 10:38:45'),
(722,'Pertanyaan EPPS',11,2,'opsi a','opsi b','opsi c','opsi d','opsi e','-',1,1,1,'2022-02-01 10:38:45','2022-02-01 10:38:45'),
(723,'Pertanyaan EPPS',11,2,'opsi a','opsi b','opsi c','opsi d','opsi e','-',1,1,1,'2022-02-01 10:38:45','2022-02-01 10:38:45'),
(724,'Pertanyaan EPPS',11,2,'opsi a','opsi b','opsi c','opsi d','opsi e','-',1,1,1,'2022-02-01 10:38:45','2022-02-01 10:38:45'),
(725,'Pertanyaan EPPS',11,2,'opsi a','opsi b','opsi c','opsi d','opsi e','-',1,1,1,'2022-02-01 10:38:45','2022-02-01 10:38:45'),
(726,'Pertanyaan EPPS',11,2,'opsi a','opsi b','opsi c','opsi d','opsi e','-',1,1,1,'2022-02-01 10:38:45','2022-02-01 10:38:45'),
(727,'Pertanyaan EPPS',11,2,'opsi a','opsi b','opsi c','opsi d','opsi e','-',1,1,1,'2022-02-01 10:38:45','2022-02-01 10:38:45'),
(728,'Pertanyaan EPPS',11,2,'opsi a','opsi b','opsi c','opsi d','opsi e','-',1,1,1,'2022-02-01 10:38:45','2022-02-01 10:38:45'),
(729,'Pertanyaan EPPS',11,2,'opsi a','opsi b','opsi c','opsi d','opsi e','-',1,1,1,'2022-02-01 10:38:45','2022-02-01 10:38:45'),
(730,'Pertanyaan EPPS',11,2,'opsi a','opsi b','opsi c','opsi d','opsi e','-',1,1,1,'2022-02-01 10:38:45','2022-02-01 10:38:45'),
(731,'Pertanyaan EPPS',11,2,'opsi a','opsi b','opsi c','opsi d','opsi e','-',1,1,1,'2022-02-01 10:38:45','2022-02-01 10:38:45'),
(732,'Pertanyaan EPPS',11,2,'opsi a','opsi b','opsi c','opsi d','opsi e','-',1,1,1,'2022-02-01 10:38:45','2022-02-01 10:38:45'),
(733,'Pertanyaan EPPS',11,2,'opsi a','opsi b','opsi c','opsi d','opsi e','-',1,1,1,'2022-02-01 10:38:45','2022-02-01 10:38:45'),
(734,'Pertanyaan EPPS',11,2,'opsi a','opsi b','opsi c','opsi d','opsi e','-',1,1,1,'2022-02-01 10:38:45','2022-02-01 10:38:45'),
(735,'Pertanyaan EPPS',11,2,'opsi a','opsi b','opsi c','opsi d','opsi e','-',1,1,1,'2022-02-01 10:38:45','2022-02-01 10:38:45'),
(736,'Pertanyaan EPPS',11,2,'opsi a','opsi b','opsi c','opsi d','opsi e','-',1,1,1,'2022-02-01 10:38:45','2022-02-01 10:38:45'),
(737,'Pertanyaan EPPS',11,2,'opsi a','opsi b','opsi c','opsi d','opsi e','-',1,1,1,'2022-02-01 10:38:45','2022-02-01 10:38:45'),
(738,'Pertanyaan EPPS',11,2,'opsi a','opsi b','opsi c','opsi d','opsi e','-',1,1,1,'2022-02-01 10:38:45','2022-02-01 10:38:45'),
(739,'Pertanyaan EPPS',11,2,'opsi a','opsi b','opsi c','opsi d','opsi e','-',1,1,1,'2022-02-01 10:38:45','2022-02-01 10:38:45'),
(740,'Pertanyaan EPPS',11,2,'opsi a','opsi b','opsi c','opsi d','opsi e','-',1,1,1,'2022-02-01 10:38:45','2022-02-01 10:38:45'),
(741,'Pertanyaan EPPS',11,2,'opsi a','opsi b','opsi c','opsi d','opsi e','-',1,1,1,'2022-02-01 10:38:45','2022-02-01 10:38:45'),
(742,'Pertanyaan EPPS',11,2,'opsi a','opsi b','opsi c','opsi d','opsi e','-',1,1,1,'2022-02-01 10:38:45','2022-02-01 10:38:45'),
(743,'Pertanyaan EPPS',11,2,'opsi a','opsi b','opsi c','opsi d','opsi e','-',1,1,1,'2022-02-01 10:38:45','2022-02-01 10:38:45'),
(744,'Pertanyaan EPPS',11,2,'opsi a','opsi b','opsi c','opsi d','opsi e','-',1,1,1,'2022-02-01 10:38:45','2022-02-01 10:38:45'),
(745,'Pertanyaan EPPS',11,2,'opsi a','opsi b','opsi c','opsi d','opsi e','-',1,1,1,'2022-02-01 10:38:45','2022-02-01 10:38:45'),
(746,'Pertanyaan EPPS',11,2,'opsi a','opsi b','opsi c','opsi d','opsi e','-',1,1,1,'2022-02-01 10:38:45','2022-02-01 10:38:45'),
(747,'Pertanyaan EPPS',11,2,'opsi a','opsi b','opsi c','opsi d','opsi e','-',1,1,1,'2022-02-01 10:38:45','2022-02-01 10:38:45'),
(748,'Pertanyaan EPPS',11,2,'opsi a','opsi b','opsi c','opsi d','opsi e','-',1,1,1,'2022-02-01 10:38:45','2022-02-01 10:38:45'),
(749,'Pertanyaan EPPS',11,2,'opsi a','opsi b','opsi c','opsi d','opsi e','-',1,1,1,'2022-02-01 10:38:45','2022-02-01 10:38:45'),
(750,'Pertanyaan EPPS',11,2,'opsi a','opsi b','opsi c','opsi d','opsi e','-',1,1,1,'2022-02-01 10:38:45','2022-02-01 10:38:45'),
(751,'Pertanyaan EPPS',11,2,'opsi a','opsi b','opsi c','opsi d','opsi e','-',1,1,1,'2022-02-01 10:38:45','2022-02-01 10:38:45'),
(752,'Pertanyaan EPPS',11,2,'opsi a','opsi b','opsi c','opsi d','opsi e','-',1,1,1,'2022-02-01 10:38:45','2022-02-01 10:38:45'),
(753,'Pertanyaan EPPS',11,2,'opsi a','opsi b','opsi c','opsi d','opsi e','-',1,1,1,'2022-02-01 10:38:45','2022-02-01 10:38:45'),
(754,'Pertanyaan EPPS',11,2,'opsi a','opsi b','opsi c','opsi d','opsi e','-',1,1,1,'2022-02-01 10:38:45','2022-02-01 10:38:45'),
(755,'Pertanyaan EPPS',11,2,'opsi a','opsi b','opsi c','opsi d','opsi e','-',1,1,1,'2022-02-01 10:38:45','2022-02-01 10:38:45'),
(756,'Pertanyaan EPPS',11,2,'opsi a','opsi b','opsi c','opsi d','opsi e','-',1,1,1,'2022-02-01 10:38:45','2022-02-01 10:38:45'),
(757,'Pertanyaan EPPS',11,2,'opsi a','opsi b','opsi c','opsi d','opsi e','-',1,1,1,'2022-02-01 10:38:45','2022-02-01 10:38:45'),
(758,'Pertanyaan EPPS',11,2,'opsi a','opsi b','opsi c','opsi d','opsi e','-',1,1,1,'2022-02-01 10:38:45','2022-02-01 10:38:45'),
(759,'Pertanyaan EPPS',11,2,'opsi a','opsi b','opsi c','opsi d','opsi e','-',1,1,1,'2022-02-01 10:38:45','2022-02-01 10:38:45'),
(760,'Pertanyaan EPPS',11,2,'opsi a','opsi b','opsi c','opsi d','opsi e','-',1,1,1,'2022-02-01 10:38:45','2022-02-01 10:38:45'),
(761,'Pertanyaan EPPS',11,2,'opsi a','opsi b','opsi c','opsi d','opsi e','-',1,1,1,'2022-02-01 10:38:45','2022-02-01 10:38:45'),
(762,'Pertanyaan EPPS',11,2,'opsi a','opsi b','opsi c','opsi d','opsi e','-',1,1,1,'2022-02-01 10:38:45','2022-02-01 10:38:45'),
(763,'Pertanyaan EPPS',11,2,'opsi a','opsi b','opsi c','opsi d','opsi e','-',1,1,1,'2022-02-01 10:38:45','2022-02-01 10:38:45'),
(764,'Pertanyaan EPPS',11,2,'opsi a','opsi b','opsi c','opsi d','opsi e','-',1,1,1,'2022-02-01 10:38:45','2022-02-01 10:38:45'),
(765,'Pertanyaan EPPS',11,2,'opsi a','opsi b','opsi c','opsi d','opsi e','-',1,1,1,'2022-02-01 10:38:45','2022-02-01 10:38:45'),
(766,'Pertanyaan EPPS',11,2,'opsi a','opsi b','opsi c','opsi d','opsi e','-',1,1,1,'2022-02-01 10:38:45','2022-02-01 10:38:45'),
(767,'Pertanyaan EPPS',11,2,'opsi a','opsi b','opsi c','opsi d','opsi e','-',1,1,1,'2022-02-01 10:38:45','2022-02-01 10:38:45'),
(768,'Pertanyaan EPPS',11,2,'opsi a','opsi b','opsi c','opsi d','opsi e','-',1,1,1,'2022-02-01 10:38:45','2022-02-01 10:38:45'),
(769,'Pertanyaan EPPS',11,2,'opsi a','opsi b','opsi c','opsi d','opsi e','-',1,1,1,'2022-02-01 10:38:45','2022-02-01 10:38:45'),
(770,'Pertanyaan EPPS',11,2,'opsi a','opsi b','opsi c','opsi d','opsi e','-',1,1,1,'2022-02-01 10:38:45','2022-02-01 10:38:45'),
(771,'Pertanyaan EPPS',11,2,'opsi a','opsi b','opsi c','opsi d','opsi e','-',1,1,1,'2022-02-01 10:38:45','2022-02-01 10:38:45'),
(772,'Pertanyaan EPPS',11,2,'opsi a','opsi b','opsi c','opsi d','opsi e','-',1,1,1,'2022-02-01 10:38:45','2022-02-01 10:38:45'),
(773,'Pertanyaan EPPS',11,2,'opsi a','opsi b','opsi c','opsi d','opsi e','-',1,1,1,'2022-02-01 10:38:45','2022-02-01 10:38:45'),
(774,'Pertanyaan EPPS',11,2,'opsi a','opsi b','opsi c','opsi d','opsi e','-',1,1,1,'2022-02-01 10:38:45','2022-02-01 10:38:45'),
(775,'Pertanyaan EPPS',11,2,'opsi a','opsi b','opsi c','opsi d','opsi e','-',1,1,1,'2022-02-01 10:38:45','2022-02-01 10:38:45'),
(776,'Pertanyaan EPPS',11,2,'opsi a','opsi b','opsi c','opsi d','opsi e','-',1,1,1,'2022-02-01 10:38:45','2022-02-01 10:38:45'),
(777,'Pertanyaan EPPS',11,2,'opsi a','opsi b','opsi c','opsi d','opsi e','-',1,1,1,'2022-02-01 10:38:45','2022-02-01 10:38:45'),
(778,'Pertanyaan EPPS',11,2,'opsi a','opsi b','opsi c','opsi d','opsi e','-',1,1,1,'2022-02-01 10:38:45','2022-02-01 10:38:45'),
(779,'Pertanyaan EPPS',11,2,'opsi a','opsi b','opsi c','opsi d','opsi e','-',1,1,1,'2022-02-01 10:38:45','2022-02-01 10:38:45'),
(780,'Pertanyaan EPPS',11,2,'opsi a','opsi b','opsi c','opsi d','opsi e','-',1,1,1,'2022-02-01 10:38:45','2022-02-01 10:38:45'),
(781,'Pertanyaan EPPS',11,2,'opsi a','opsi b','opsi c','opsi d','opsi e','-',1,1,1,'2022-02-01 10:38:45','2022-02-01 10:38:45'),
(782,'Pertanyaan EPPS',11,2,'opsi a','opsi b','opsi c','opsi d','opsi e','-',1,1,1,'2022-02-01 10:38:45','2022-02-01 10:38:45'),
(783,'Pertanyaan EPPS',11,2,'opsi a','opsi b','opsi c','opsi d','opsi e','-',1,1,1,'2022-02-01 10:38:45','2022-02-01 10:38:45'),
(784,'Pertanyaan EPPS',11,2,'opsi a','opsi b','opsi c','opsi d','opsi e','-',1,1,1,'2022-02-01 10:38:45','2022-02-01 10:38:45'),
(785,'Pertanyaan EPPS',11,2,'opsi a','opsi b','opsi c','opsi d','opsi e','-',1,1,1,'2022-02-01 10:38:45','2022-02-01 10:38:45'),
(786,'Pertanyaan EPPS',11,2,'opsi a','opsi b','opsi c','opsi d','opsi e','-',1,1,1,'2022-02-01 10:38:45','2022-02-01 10:38:45'),
(787,'Pertanyaan EPPS',11,2,'opsi a','opsi b','opsi c','opsi d','opsi e','-',1,1,1,'2022-02-01 10:38:45','2022-02-01 10:38:45'),
(788,'Pertanyaan EPPS',11,2,'opsi a','opsi b','opsi c','opsi d','opsi e','-',1,1,1,'2022-02-01 10:38:45','2022-02-01 10:38:45'),
(789,'Pertanyaan EPPS',11,2,'opsi a','opsi b','opsi c','opsi d','opsi e','-',1,1,1,'2022-02-01 10:38:45','2022-02-01 10:38:45'),
(790,'Pertanyaan EPPS',11,2,'opsi a','opsi b','opsi c','opsi d','opsi e','-',1,1,1,'2022-02-01 10:38:45','2022-02-01 10:38:45'),
(791,'Pertanyaan EPPS',11,2,'opsi a','opsi b','opsi c','opsi d','opsi e','-',1,1,1,'2022-02-01 10:38:45','2022-02-01 10:38:45'),
(792,'Pertanyaan EPPS',11,2,'opsi a','opsi b','opsi c','opsi d','opsi e','-',1,1,1,'2022-02-01 10:38:45','2022-02-01 10:38:45'),
(793,'Pertanyaan EPPS',11,2,'opsi a','opsi b','opsi c','opsi d','opsi e','-',1,1,1,'2022-02-01 10:38:45','2022-02-01 10:38:45'),
(794,'Pertanyaan EPPS',11,2,'opsi a','opsi b','opsi c','opsi d','opsi e','-',1,1,1,'2022-02-01 10:38:45','2022-02-01 10:38:45'),
(795,'Pertanyaan EPPS',11,2,'opsi a','opsi b','opsi c','opsi d','opsi e','-',1,1,1,'2022-02-01 10:38:45','2022-02-01 10:38:45'),
(796,'Pertanyaan EPPS',11,2,'opsi a','opsi b','opsi c','opsi d','opsi e','-',1,1,1,'2022-02-01 10:38:45','2022-02-01 10:38:45'),
(797,'Pertanyaan EPPS',11,2,'opsi a','opsi b','opsi c','opsi d','opsi e','-',1,1,1,'2022-02-01 10:38:45','2022-02-01 10:38:45'),
(798,'Pertanyaan EPPS',11,2,'opsi a','opsi b','opsi c','opsi d','opsi e','-',1,1,1,'2022-02-01 10:38:45','2022-02-01 10:38:45'),
(799,'Pertanyaan EPPS',11,2,'opsi a','opsi b','opsi c','opsi d','opsi e','-',1,1,1,'2022-02-01 10:38:45','2022-02-01 10:38:45'),
(800,'Pertanyaan EPPS',11,2,'opsi a','opsi b','opsi c','opsi d','opsi e','-',1,1,1,'2022-02-01 10:38:45','2022-02-01 10:38:45'),
(801,'Pertanyaan EPPS',11,2,'opsi a','opsi b','opsi c','opsi d','opsi e','-',1,1,1,'2022-02-01 10:38:45','2022-02-01 10:38:45'),
(802,'Pertanyaan EPPS',11,2,'opsi a','opsi b','opsi c','opsi d','opsi e','-',1,1,1,'2022-02-01 10:38:45','2022-02-01 10:38:45'),
(803,'Pertanyaan EPPS',11,2,'opsi a','opsi b','opsi c','opsi d','opsi e','-',1,1,1,'2022-02-01 10:38:45','2022-02-01 10:38:45'),
(804,'Pertanyaan EPPS',11,2,'opsi a','opsi b','opsi c','opsi d','opsi e','-',1,1,1,'2022-02-01 10:38:45','2022-02-01 10:38:45'),
(805,'Pertanyaan EPPS',11,2,'opsi a','opsi b','opsi c','opsi d','opsi e','-',1,1,1,'2022-02-01 10:38:45','2022-02-01 10:38:45'),
(806,'Pertanyaan EPPS',11,2,'opsi a','opsi b','opsi c','opsi d','opsi e','-',1,1,1,'2022-02-01 10:38:45','2022-02-01 10:38:45'),
(807,'Pertanyaan EPPS',11,2,'opsi a','opsi b','opsi c','opsi d','opsi e','-',1,1,1,'2022-02-01 10:38:45','2022-02-01 10:38:45'),
(808,'Pertanyaan EPPS',11,2,'opsi a','opsi b','opsi c','opsi d','opsi e','-',1,1,1,'2022-02-01 10:38:45','2022-02-01 10:38:45'),
(809,'Pertanyaan EPPS',11,2,'opsi a','opsi b','opsi c','opsi d','opsi e','-',1,1,1,'2022-02-01 10:38:45','2022-02-01 10:38:45'),
(810,'Pertanyaan EPPS',11,2,'opsi a','opsi b','opsi c','opsi d','opsi e','-',1,1,1,'2022-02-01 10:38:45','2022-02-01 10:38:45'),
(811,'Pertanyaan EPPS',11,2,'opsi a','opsi b','opsi c','opsi d','opsi e','-',1,1,1,'2022-02-01 10:38:45','2022-02-01 10:38:45'),
(812,'Pertanyaan EPPS',11,2,'opsi a','opsi b','opsi c','opsi d','opsi e','-',1,1,1,'2022-02-01 10:38:45','2022-02-01 10:38:45'),
(813,'Pertanyaan EPPS',11,2,'opsi a','opsi b','opsi c','opsi d','opsi e','-',1,1,1,'2022-02-01 10:38:45','2022-02-01 10:38:45'),
(814,'Pertanyaan EPPS',11,2,'opsi a','opsi b','opsi c','opsi d','opsi e','-',1,1,1,'2022-02-01 10:38:45','2022-02-01 10:38:45'),
(815,'Pertanyaan EPPS',11,2,'opsi a','opsi b','opsi c','opsi d','opsi e','-',1,1,1,'2022-02-01 10:38:45','2022-02-01 10:38:45'),
(816,'Pertanyaan EPPS',11,2,'opsi a','opsi b','opsi c','opsi d','opsi e','-',1,1,1,'2022-02-01 10:38:45','2022-02-01 10:38:45'),
(817,'Pertanyaan EPPS',11,2,'opsi a','opsi b','opsi c','opsi d','opsi e','-',1,1,1,'2022-02-01 10:38:45','2022-02-01 10:38:45'),
(818,'Pertanyaan EPPS',11,2,'opsi a','opsi b','opsi c','opsi d','opsi e','-',1,1,1,'2022-02-01 10:38:45','2022-02-01 10:38:45'),
(819,'Pertanyaan EPPS',11,2,'opsi a','opsi b','opsi c','opsi d','opsi e','-',1,1,1,'2022-02-01 10:38:45','2022-02-01 10:38:45'),
(820,'Pertanyaan EPPS',11,2,'opsi a','opsi b','opsi c','opsi d','opsi e','-',1,1,1,'2022-02-01 10:38:45','2022-02-01 10:38:45'),
(821,'Pertanyaan EPPS',11,2,'opsi a','opsi b','opsi c','opsi d','opsi e','-',1,1,1,'2022-02-01 10:38:45','2022-02-01 10:38:45'),
(822,'Pertanyaan EPPS',11,2,'opsi a','opsi b','opsi c','opsi d','opsi e','-',1,1,1,'2022-02-01 10:38:45','2022-02-01 10:38:45'),
(823,'Pertanyaan EPPS',11,2,'opsi a','opsi b','opsi c','opsi d','opsi e','-',1,1,1,'2022-02-01 10:38:45','2022-02-01 10:38:45'),
(824,'Pertanyaan Berhitung',44,5,'Pilihan A','Pilihan B','Pilihan C','Pilihan D','Pilihan E','D',1,1,1,'2022-02-23 17:31:18','2022-02-23 17:31:18'),
(825,'Pertanyaan Berhitung',44,5,'Pilihan A','Pilihan B','Pilihan C','Pilihan D','Pilihan E','B',1,1,1,'2022-02-23 17:31:18','2022-02-23 17:31:18'),
(826,'Pertanyaan Berhitung',44,5,'Pilihan A','Pilihan B','Pilihan C','Pilihan D','Pilihan E','E',1,1,1,'2022-02-23 17:31:18','2022-02-23 17:31:18'),
(827,'Pertanyaan Berhitung',44,5,'Pilihan A','Pilihan B','Pilihan C','Pilihan D','Pilihan E','A',1,1,1,'2022-02-23 17:31:18','2022-02-23 17:31:18'),
(828,'Pertanyaan Berhitung',44,5,'Pilihan A','Pilihan B','Pilihan C','Pilihan D','Pilihan E','C',1,1,1,'2022-02-23 17:31:18','2022-02-23 17:31:18'),
(829,'Pertanyaan Berhitung',44,5,'Pilihan A','Pilihan B','Pilihan C','Pilihan D','Pilihan E','E',1,1,1,'2022-02-23 17:31:18','2022-02-23 17:31:18'),
(830,'Pertanyaan Berhitung',44,5,'Pilihan A','Pilihan B','Pilihan C','Pilihan D','Pilihan E','D',1,1,1,'2022-02-23 17:31:18','2022-02-23 17:31:18'),
(831,'Pertanyaan Berhitung',44,5,'Pilihan A','Pilihan B','Pilihan C','Pilihan D','Pilihan E','C',1,1,1,'2022-02-23 17:31:18','2022-02-23 17:31:18'),
(832,'Pertanyaan Berhitung',44,5,'Pilihan A','Pilihan B','Pilihan C','Pilihan D','Pilihan E','D',1,1,1,'2022-02-23 17:31:18','2022-02-23 17:31:18'),
(833,'Pertanyaan Berhitung',44,5,'Pilihan A','Pilihan B','Pilihan C','Pilihan D','Pilihan E','B',1,1,1,'2022-02-23 17:31:18','2022-02-23 17:31:18'),
(834,'Pertanyaan Berhitung',44,5,'Pilihan A','Pilihan B','Pilihan C','Pilihan D','Pilihan E','C',1,1,1,'2022-02-23 17:31:18','2022-02-23 17:31:18'),
(835,'Pertanyaan Berhitung',44,5,'Pilihan A','Pilihan B','Pilihan C','Pilihan D','Pilihan E','D',1,1,1,'2022-02-23 17:31:18','2022-02-23 17:31:18'),
(836,'Pertanyaan Berhitung',44,5,'Pilihan A','Pilihan B','Pilihan C','Pilihan D','Pilihan E','D',1,1,1,'2022-02-23 17:31:18','2022-02-23 17:31:18'),
(837,'Pertanyaan Berhitung',44,5,'Pilihan A','Pilihan B','Pilihan C','Pilihan D','Pilihan E','A',1,1,1,'2022-02-23 17:31:18','2022-02-23 17:31:18'),
(838,'Pertanyaan Berhitung',44,5,'Pilihan A','Pilihan B','Pilihan C','Pilihan D','Pilihan E','D',1,1,1,'2022-02-23 17:31:18','2022-02-23 17:31:18'),
(839,'Pertanyaan Berhitung',44,5,'Pilihan A','Pilihan B','Pilihan C','Pilihan D','Pilihan E','E',1,1,1,'2022-02-23 17:31:18','2022-02-23 17:31:18'),
(840,'Pertanyaan Berhitung',44,5,'Pilihan A','Pilihan B','Pilihan C','Pilihan D','Pilihan E','C',1,1,1,'2022-02-23 17:31:18','2022-02-23 17:31:18'),
(841,'Pertanyaan Berhitung',44,5,'Pilihan A','Pilihan B','Pilihan C','Pilihan D','Pilihan E','C',1,1,1,'2022-02-23 17:31:18','2022-02-23 17:31:18'),
(842,'Pertanyaan Berhitung',44,5,'Pilihan A','Pilihan B','Pilihan C','Pilihan D','Pilihan E','A',1,1,1,'2022-02-23 17:31:18','2022-02-23 17:31:18'),
(843,'Pertanyaan Berhitung',44,5,'Pilihan A','Pilihan B','Pilihan C','Pilihan D','Pilihan E','B',1,1,1,'2022-02-23 17:31:18','2022-02-23 17:31:18'),
(844,'Pertanyaan Berhitung',44,5,'Pilihan A','Pilihan B','Pilihan C','Pilihan D','Pilihan E','C',1,1,1,'2022-02-23 17:31:18','2022-02-23 17:31:18'),
(845,'Pertanyaan Berhitung',44,5,'Pilihan A','Pilihan B','Pilihan C','Pilihan D','Pilihan E','C',1,1,1,'2022-02-23 17:31:18','2022-02-23 17:31:18'),
(846,'Pertanyaan Berhitung',44,5,'Pilihan A','Pilihan B','Pilihan C','Pilihan D','Pilihan E','C',1,1,1,'2022-02-23 17:31:18','2022-02-23 17:31:18'),
(847,'Pertanyaan Berhitung',44,5,'Pilihan A','Pilihan B','Pilihan C','Pilihan D','Pilihan E','E',1,1,1,'2022-02-23 17:31:18','2022-02-23 17:31:18'),
(848,'Pertanyaan Berhitung',44,5,'Pilihan A','Pilihan B','Pilihan C','Pilihan D','Pilihan E','C',1,1,1,'2022-02-23 17:31:18','2022-02-23 17:31:18'),
(849,'Pertanyaan Berhitung',44,5,'Pilihan A','Pilihan B','Pilihan C','Pilihan D','Pilihan E','C',1,1,1,'2022-02-23 17:31:18','2022-02-23 17:31:18'),
(850,'Pertanyaan Berhitung',44,5,'Pilihan A','Pilihan B','Pilihan C','Pilihan D','Pilihan E','D',1,1,1,'2022-02-23 17:31:18','2022-02-23 17:31:18'),
(851,'Pertanyaan Berhitung',44,5,'Pilihan A','Pilihan B','Pilihan C','Pilihan D','Pilihan E','B',1,1,1,'2022-02-23 17:31:18','2022-02-23 17:31:18'),
(852,'Pertanyaan Berhitung',44,5,'Pilihan A','Pilihan B','Pilihan C','Pilihan D','Pilihan E','D',1,1,1,'2022-02-23 17:31:18','2022-02-23 17:31:18'),
(853,'Pertanyaan Berhitung',44,5,'Pilihan A','Pilihan B','Pilihan C','Pilihan D','Pilihan E','B',1,1,1,'2022-02-23 17:31:18','2022-02-23 17:31:18'),
(854,'Pertanyaan Berhitung',44,5,'Pilihan A','Pilihan B','Pilihan C','Pilihan D','Pilihan E','A',1,1,1,'2022-02-23 17:31:18','2022-02-23 17:31:18'),
(855,'Pertanyaan Berhitung',44,5,'Pilihan A','Pilihan B','Pilihan C','Pilihan D','Pilihan E','D',1,1,1,'2022-02-23 17:31:18','2022-02-23 17:31:18'),
(856,'Pertanyaan Berhitung',44,5,'Pilihan A','Pilihan B','Pilihan C','Pilihan D','Pilihan E','A',1,1,1,'2022-02-23 17:31:18','2022-02-23 17:31:18'),
(857,'Pertanyaan Berhitung',44,5,'Pilihan A','Pilihan B','Pilihan C','Pilihan D','Pilihan E','E',1,1,1,'2022-02-23 17:31:18','2022-02-23 17:31:18'),
(858,'Pertanyaan Berhitung',44,5,'Pilihan A','Pilihan B','Pilihan C','Pilihan D','Pilihan E','B',1,1,1,'2022-02-23 17:31:18','2022-02-23 17:31:18'),
(859,'Pertanyaan Berhitung',44,5,'Pilihan A','Pilihan B','Pilihan C','Pilihan D','Pilihan E','A',1,1,1,'2022-02-23 17:31:18','2022-02-23 17:31:18'),
(860,'Pertanyaan Berhitung',44,5,'Pilihan A','Pilihan B','Pilihan C','Pilihan D','Pilihan E','B',1,1,1,'2022-02-23 17:31:18','2022-02-23 17:31:18'),
(861,'Pertanyaan Berhitung',44,5,'Pilihan A','Pilihan B','Pilihan C','Pilihan D','Pilihan E','E',1,1,1,'2022-02-23 17:31:18','2022-02-23 17:31:18'),
(862,'Pertanyaan Berhitung',44,5,'Pilihan A','Pilihan B','Pilihan C','Pilihan D','Pilihan E','B',1,1,1,'2022-02-23 17:31:18','2022-02-23 17:31:18'),
(863,'Pertanyaan Berhitung',44,5,'Pilihan A','Pilihan B','Pilihan C','Pilihan D','Pilihan E','C',1,1,1,'2022-02-23 17:31:18','2022-02-23 17:31:18'),
(864,'Pertanyaan Ekspresi',45,3,'Pilihan A','Pilihan B','Pilihan C','-','-','b-a',1,1,1,'2022-02-23 17:31:18','2022-02-23 17:31:18'),
(865,'Pertanyaan Ekspresi',45,3,'Pilihan A','Pilihan B','Pilihan C','-','-','c-a',1,1,1,'2022-02-23 17:31:18','2022-02-23 17:31:18'),
(866,'Pertanyaan Ekspresi',45,3,'Pilihan A','Pilihan B','Pilihan C','-','-','c-a',1,1,1,'2022-02-23 17:31:18','2022-02-23 17:31:18'),
(867,'Pertanyaan Ekspresi',45,3,'Pilihan A','Pilihan B','Pilihan C','-','-','a-c',1,1,1,'2022-02-23 17:31:18','2022-02-23 17:31:18'),
(868,'Pertanyaan Ekspresi',45,3,'Pilihan A','Pilihan B','Pilihan C','-','-','a-b',1,1,1,'2022-02-23 17:31:18','2022-02-23 17:31:18'),
(869,'Pertanyaan Ekspresi',45,3,'Pilihan A','Pilihan B','Pilihan C','-','-','a-b',1,1,1,'2022-02-23 17:31:18','2022-02-23 17:31:18'),
(870,'Pertanyaan Ekspresi',45,3,'Pilihan A','Pilihan B','Pilihan C','-','-','c-a',1,1,1,'2022-02-23 17:31:18','2022-02-23 17:31:18'),
(871,'Pertanyaan Ekspresi',45,3,'Pilihan A','Pilihan B','Pilihan C','-','-','b-c',1,1,1,'2022-02-23 17:31:18','2022-02-23 17:31:18'),
(872,'Pertanyaan Ekspresi',45,3,'Pilihan A','Pilihan B','Pilihan C','-','-','b-a',1,1,1,'2022-02-23 17:31:18','2022-02-23 17:31:18'),
(873,'Pertanyaan Ekspresi',45,3,'Pilihan A','Pilihan B','Pilihan C','-','-','c-a',1,1,1,'2022-02-23 17:31:18','2022-02-23 17:31:18'),
(874,'Pertanyaan Ekspresi',45,3,'Pilihan A','Pilihan B','Pilihan C','-','-','c-a',1,1,1,'2022-02-23 17:31:18','2022-02-23 17:31:18'),
(875,'Pertanyaan Ekspresi',45,3,'Pilihan A','Pilihan B','Pilihan C','-','-','a-b',1,1,1,'2022-02-23 17:31:18','2022-02-23 17:31:18'),
(876,'Pertanyaan Ekspresi',45,3,'Pilihan A','Pilihan B','Pilihan C','-','-','c-b',1,1,1,'2022-02-23 17:31:18','2022-02-23 17:31:18'),
(877,'Pertanyaan Ekspresi',45,3,'Pilihan A','Pilihan B','Pilihan C','-','-','a-b',1,1,1,'2022-02-23 17:31:18','2022-02-23 17:31:18'),
(878,'Pertanyaan Ekspresi',45,3,'Pilihan A','Pilihan B','Pilihan C','-','-','b-c',1,1,1,'2022-02-23 17:31:18','2022-02-23 17:31:18'),
(879,'Pertanyaan Ekspresi',45,3,'Pilihan A','Pilihan B','Pilihan C','-','-','b-c',1,1,1,'2022-02-23 17:31:18','2022-02-23 17:31:18'),
(880,'Pertanyaan Ekspresi',45,3,'Pilihan A','Pilihan B','Pilihan C','-','-','b-c',1,1,1,'2022-02-23 17:31:18','2022-02-23 17:31:18'),
(881,'Pertanyaan Ekspresi',45,3,'Pilihan A','Pilihan B','Pilihan C','-','-','a-c',1,1,1,'2022-02-23 17:31:18','2022-02-23 17:31:18'),
(882,'Pertanyaan Ekspresi',45,3,'Pilihan A','Pilihan B','Pilihan C','-','-','a-c',1,1,1,'2022-02-23 17:31:18','2022-02-23 17:31:18'),
(883,'Pertanyaan Penalaran',46,5,'Pilihan A','Pilihan B','Pilihan C','Pilihan D','Pilihan E','D',1,1,1,'2022-02-23 17:31:18','2022-02-23 17:31:18'),
(884,'Pertanyaan Penalaran',46,5,'Pilihan A','Pilihan B','Pilihan C','Pilihan D','Pilihan E','E',1,1,1,'2022-02-23 17:31:18','2022-02-23 17:31:18'),
(885,'Pertanyaan Penalaran',46,5,'Pilihan A','Pilihan B','Pilihan C','Pilihan D','Pilihan E','D',1,1,1,'2022-02-23 17:31:18','2022-02-23 17:31:18'),
(886,'Pertanyaan Penalaran',46,5,'Pilihan A','Pilihan B','Pilihan C','Pilihan D','Pilihan E','A',1,1,1,'2022-02-23 17:31:18','2022-02-23 17:31:18'),
(887,'Pertanyaan Penalaran',46,5,'Pilihan A','Pilihan B','Pilihan C','Pilihan D','Pilihan E','D',1,1,1,'2022-02-23 17:31:18','2022-02-23 17:31:18'),
(888,'Pertanyaan Penalaran',46,5,'Pilihan A','Pilihan B','Pilihan C','Pilihan D','Pilihan E','C',1,1,1,'2022-02-23 17:31:18','2022-02-23 17:31:18'),
(889,'Pertanyaan Penalaran',46,5,'Pilihan A','Pilihan B','Pilihan C','Pilihan D','Pilihan E','D',1,1,1,'2022-02-23 17:31:18','2022-02-23 17:31:18'),
(890,'Pertanyaan Penalaran',46,5,'Pilihan A','Pilihan B','Pilihan C','Pilihan D','Pilihan E','D',1,1,1,'2022-02-23 17:31:18','2022-02-23 17:31:18'),
(891,'Pertanyaan Penalaran',46,5,'Pilihan A','Pilihan B','Pilihan C','Pilihan D','Pilihan E','C',1,1,1,'2022-02-23 17:31:18','2022-02-23 17:31:18'),
(892,'Pertanyaan Penalaran',46,5,'Pilihan A','Pilihan B','Pilihan C','Pilihan D','Pilihan E','A',1,1,1,'2022-02-23 17:31:18','2022-02-23 17:31:18'),
(893,'Pertanyaan Penalaran',46,5,'Pilihan A','Pilihan B','Pilihan C','Pilihan D','Pilihan E','C',1,1,1,'2022-02-23 17:31:18','2022-02-23 17:31:18'),
(894,'Pertanyaan Penalaran',46,5,'Pilihan A','Pilihan B','Pilihan C','Pilihan D','Pilihan E','D',1,1,1,'2022-02-23 17:31:18','2022-02-23 17:31:18'),
(895,'Pertanyaan Penalaran',46,5,'Pilihan A','Pilihan B','Pilihan C','Pilihan D','Pilihan E','B',1,1,1,'2022-02-23 17:31:18','2022-02-23 17:31:18'),
(896,'Pertanyaan Penalaran',46,5,'Pilihan A','Pilihan B','Pilihan C','Pilihan D','Pilihan E','C',1,1,1,'2022-02-23 17:31:18','2022-02-23 17:31:18'),
(897,'Pertanyaan Penalaran',46,5,'Pilihan A','Pilihan B','Pilihan C','Pilihan D','Pilihan E','A',1,1,1,'2022-02-23 17:31:18','2022-02-23 17:31:18'),
(898,'Pertanyaan Penalaran',46,5,'Pilihan A','Pilihan B','Pilihan C','Pilihan D','Pilihan E','C',1,1,1,'2022-02-23 17:31:18','2022-02-23 17:31:18'),
(899,'Pertanyaan Penalaran',46,5,'Pilihan A','Pilihan B','Pilihan C','Pilihan D','Pilihan E','B',1,1,1,'2022-02-23 17:31:18','2022-02-23 17:31:18'),
(900,'Pertanyaan Penalaran',46,5,'Pilihan A','Pilihan B','Pilihan C','Pilihan D','Pilihan E','D',1,1,1,'2022-02-23 17:31:18','2022-02-23 17:31:18'),
(901,'Pertanyaan Penalaran',46,5,'Pilihan A','Pilihan B','Pilihan C','Pilihan D','Pilihan E','E',1,1,1,'2022-02-23 17:31:18','2022-02-23 17:31:18'),
(902,'Pertanyaan Penalaran',46,5,'Pilihan A','Pilihan B','Pilihan C','Pilihan D','Pilihan E','A',1,1,1,'2022-02-23 17:31:18','2022-02-23 17:31:18'),
(903,'Pertanyaan Penalaran',46,5,'Pilihan A','Pilihan B','Pilihan C','Pilihan D','Pilihan E','D',1,1,1,'2022-02-23 17:31:18','2022-02-23 17:31:18'),
(904,'Pertanyaan Penalaran',46,5,'Pilihan A','Pilihan B','Pilihan C','Pilihan D','Pilihan E','A',1,1,1,'2022-02-23 17:31:18','2022-02-23 17:31:18'),
(905,'Pertanyaan Penalaran',46,5,'Pilihan A','Pilihan B','Pilihan C','Pilihan D','Pilihan E','B',1,1,1,'2022-02-23 17:31:18','2022-02-23 17:31:18'),
(906,'Pertanyaan Penalaran',46,5,'Pilihan A','Pilihan B','Pilihan C','Pilihan D','Pilihan E','C',1,1,1,'2022-02-23 17:31:18','2022-02-23 17:31:18'),
(907,'Pertanyaan Penalaran',46,5,'Pilihan A','Pilihan B','Pilihan C','Pilihan D','Pilihan E','A',1,1,1,'2022-02-23 17:31:18','2022-02-23 17:31:18'),
(908,'Pertanyaan Penalaran',46,5,'Pilihan A','Pilihan B','Pilihan C','Pilihan D','Pilihan E','D',1,1,1,'2022-02-23 17:31:18','2022-02-23 17:31:18'),
(909,'Pertanyaan Penalaran',46,5,'Pilihan A','Pilihan B','Pilihan C','Pilihan D','Pilihan E','B',1,1,1,'2022-02-23 17:31:18','2022-02-23 17:31:18'),
(910,'Pertanyaan Penalaran',46,5,'Pilihan A','Pilihan B','Pilihan C','Pilihan D','Pilihan E','C',1,1,1,'2022-02-23 17:31:18','2022-02-23 17:31:18'),
(911,'Pertanyaan Penalaran',46,5,'Pilihan A','Pilihan B','Pilihan C','Pilihan D','Pilihan E','D',1,1,1,'2022-02-23 17:31:18','2022-02-23 17:31:18'),
(912,'Pertanyaan Penalaran',46,5,'Pilihan A','Pilihan B','Pilihan C','Pilihan D','Pilihan E','A',1,1,1,'2022-02-23 17:31:18','2022-02-23 17:31:18'),
(913,'Pertanyaan Penalaran',46,5,'Pilihan A','Pilihan B','Pilihan C','Pilihan D','Pilihan E','C',1,1,1,'2022-02-23 17:31:18','2022-02-23 17:31:18'),
(914,'Pertanyaan Penalaran',46,5,'Pilihan A','Pilihan B','Pilihan C','Pilihan D','Pilihan E','C',1,1,1,'2022-02-23 17:31:18','2022-02-23 17:31:18'),
(915,'Pertanyaan Penalaran',46,5,'Pilihan A','Pilihan B','Pilihan C','Pilihan D','Pilihan E','E',1,1,1,'2022-02-23 17:31:18','2022-02-23 17:31:18'),
(916,'Pertanyaan Penalaran',46,5,'Pilihan A','Pilihan B','Pilihan C','Pilihan D','Pilihan E','B',1,1,1,'2022-02-23 17:31:18','2022-02-23 17:31:18'),
(917,'Pertanyaan Penalaran',46,5,'Pilihan A','Pilihan B','Pilihan C','Pilihan D','Pilihan E','A',1,1,1,'2022-02-23 17:31:18','2022-02-23 17:31:18'),
(918,'Pertanyaan Penalaran',46,5,'Pilihan A','Pilihan B','Pilihan C','Pilihan D','Pilihan E','A',1,1,1,'2022-02-23 17:31:18','2022-02-23 17:31:18'),
(919,'Pertanyaan Penalaran',46,5,'Pilihan A','Pilihan B','Pilihan C','Pilihan D','Pilihan E','E',1,1,1,'2022-02-23 17:31:18','2022-02-23 17:31:18'),
(920,'Pertanyaan Penalaran',46,5,'Pilihan A','Pilihan B','Pilihan C','Pilihan D','Pilihan E','E',1,1,1,'2022-02-23 17:31:18','2022-02-23 17:31:18'),
(921,'Pertanyaan Penalaran',46,5,'Pilihan A','Pilihan B','Pilihan C','Pilihan D','Pilihan E','B',1,1,1,'2022-02-23 17:31:18','2022-02-23 17:31:18'),
(922,'Pertanyaan Penalaran',46,5,'Pilihan A','Pilihan B','Pilihan C','Pilihan D','Pilihan E','E',1,1,1,'2022-02-23 17:31:18','2022-02-23 17:31:18'),
(923,'Pertanyaan Penalaran',46,5,'Pilihan A','Pilihan B','Pilihan C','Pilihan D','Pilihan E','E',1,1,1,'2022-02-23 17:31:18','2022-02-23 17:31:18'),
(924,'Pertanyaan Penalaran',46,5,'Pilihan A','Pilihan B','Pilihan C','Pilihan D','Pilihan E','D',1,1,1,'2022-02-23 17:31:18','2022-02-23 17:31:18'),
(925,'Pertanyaan Penalaran',46,5,'Pilihan A','Pilihan B','Pilihan C','Pilihan D','Pilihan E','A',1,1,1,'2022-02-23 17:31:18','2022-02-23 17:31:18'),
(926,'Pertanyaan Penalaran',46,5,'Pilihan A','Pilihan B','Pilihan C','Pilihan D','Pilihan E','A',1,1,1,'2022-02-23 17:31:18','2022-02-23 17:31:18'),
(927,'Pertanyaan Penalaran',46,5,'Pilihan A','Pilihan B','Pilihan C','Pilihan D','Pilihan E','C',1,1,1,'2022-02-23 17:31:18','2022-02-23 17:31:18'),
(928,'Pertanyaan Penalaran',46,5,'Pilihan A','Pilihan B','Pilihan C','Pilihan D','Pilihan E','B',1,1,1,'2022-02-23 17:31:18','2022-02-23 17:31:18'),
(929,'Pertanyaan Penalaran',46,5,'Pilihan A','Pilihan B','Pilihan C','Pilihan D','Pilihan E','A',1,1,1,'2022-02-23 17:31:18','2022-02-23 17:31:18'),
(930,'Pertanyaan Penalaran',46,5,'Pilihan A','Pilihan B','Pilihan C','Pilihan D','Pilihan E','A',1,1,1,'2022-02-23 17:31:18','2022-02-23 17:31:18'),
(931,'Pertanyaan Penalaran',46,5,'Pilihan A','Pilihan B','Pilihan C','Pilihan D','Pilihan E','A',1,1,1,'2022-02-23 17:31:18','2022-02-23 17:31:18'),
(932,'Pertanyaan Penalaran',46,5,'Pilihan A','Pilihan B','Pilihan C','Pilihan D','Pilihan E','E',1,1,1,'2022-02-23 17:31:18','2022-02-23 17:31:18'),
(933,'Pertanyaan Pemahaman',47,4,'Pilihan A','Pilihan B','Pilihan C','Pilihan D','-','D',1,1,1,'2022-02-23 17:31:18','2022-02-23 17:31:18'),
(934,'Pertanyaan Pemahaman',47,4,'Pilihan A','Pilihan B','Pilihan C','Pilihan D','-','C',1,1,1,'2022-02-23 17:31:18','2022-02-23 17:31:18'),
(935,'Pertanyaan Pemahaman',47,4,'Pilihan A','Pilihan B','Pilihan C','Pilihan D','-','B',1,1,1,'2022-02-23 17:31:18','2022-02-23 17:31:18'),
(936,'Pertanyaan Pemahaman',47,4,'Pilihan A','Pilihan B','Pilihan C','Pilihan D','-','C',1,1,1,'2022-02-23 17:31:18','2022-02-23 17:31:18'),
(937,'Pertanyaan Pemahaman',47,4,'Pilihan A','Pilihan B','Pilihan C','Pilihan D','-','D',1,1,1,'2022-02-23 17:31:18','2022-02-23 17:31:18'),
(938,'Pertanyaan Pemahaman',47,4,'Pilihan A','Pilihan B','Pilihan C','Pilihan D','-','B',1,1,1,'2022-02-23 17:31:18','2022-02-23 17:31:18'),
(939,'Pertanyaan Pemahaman',47,4,'Pilihan A','Pilihan B','Pilihan C','Pilihan D','-','B',1,1,1,'2022-02-23 17:31:18','2022-02-23 17:31:18'),
(940,'Pertanyaan Pemahaman',47,4,'Pilihan A','Pilihan B','Pilihan C','Pilihan D','-','C',1,1,1,'2022-02-23 17:31:18','2022-02-23 17:31:18'),
(941,'Pertanyaan Pemahaman',47,4,'Pilihan A','Pilihan B','Pilihan C','Pilihan D','-','C',1,1,1,'2022-02-23 17:31:18','2022-02-23 17:31:18'),
(942,'Pertanyaan Pemahaman',47,4,'Pilihan A','Pilihan B','Pilihan C','Pilihan D','-','D',1,1,1,'2022-02-23 17:31:18','2022-02-23 17:31:18'),
(943,'Pertanyaan Pemahaman',47,4,'Pilihan A','Pilihan B','Pilihan C','Pilihan D','-','B',1,1,1,'2022-02-23 17:31:18','2022-02-23 17:31:18'),
(944,'Pertanyaan Pemahaman',47,4,'Pilihan A','Pilihan B','Pilihan C','Pilihan D','-','C',1,1,1,'2022-02-23 17:31:18','2022-02-23 17:31:18'),
(945,'Pertanyaan Pemahaman',47,4,'Pilihan A','Pilihan B','Pilihan C','Pilihan D','-','C',1,1,1,'2022-02-23 17:31:18','2022-02-23 17:31:18'),
(946,'Pertanyaan Pemahaman',47,4,'Pilihan A','Pilihan B','Pilihan C','Pilihan D','-','C',1,1,1,'2022-02-23 17:31:18','2022-02-23 17:31:18'),
(947,'Pertanyaan Pemahaman',47,4,'Pilihan A','Pilihan B','Pilihan C','Pilihan D','-','A',1,1,1,'2022-02-23 17:31:18','2022-02-23 17:31:18'),
(948,'Pertanyaan Pemahaman',47,4,'Pilihan A','Pilihan B','Pilihan C','Pilihan D','-','D',1,1,1,'2022-02-23 17:31:18','2022-02-23 17:31:18'),
(949,'Pertanyaan Pemahaman',47,4,'Pilihan A','Pilihan B','Pilihan C','Pilihan D','-','B',1,1,1,'2022-02-23 17:31:18','2022-02-23 17:31:18'),
(950,'Pertanyaan Pemahaman',47,4,'Pilihan A','Pilihan B','Pilihan C','Pilihan D','-','D',1,1,1,'2022-02-23 17:31:18','2022-02-23 17:31:18'),
(951,'Pertanyaan Pemahaman',47,4,'Pilihan A','Pilihan B','Pilihan C','Pilihan D','-','A',1,1,1,'2022-02-23 17:31:18','2022-02-23 17:31:18'),
(952,'Pertanyaan Pemahaman',47,4,'Pilihan A','Pilihan B','Pilihan C','Pilihan D','-','B',1,1,1,'2022-02-23 17:31:18','2022-02-23 17:31:18'),
(953,'Pertanyaan Pemahaman',47,4,'Pilihan A','Pilihan B','Pilihan C','Pilihan D','-','C',1,1,1,'2022-02-23 17:31:18','2022-02-23 17:31:18'),
(954,'Pertanyaan Pemahaman',47,4,'Pilihan A','Pilihan B','Pilihan C','Pilihan D','-','C',1,1,1,'2022-02-23 17:31:18','2022-02-23 17:31:18'),
(955,'Pertanyaan Pemahaman',47,4,'Pilihan A','Pilihan B','Pilihan C','Pilihan D','-','C',1,1,1,'2022-02-23 17:31:18','2022-02-23 17:31:18'),
(956,'Pertanyaan Pemahaman',47,4,'Pilihan A','Pilihan B','Pilihan C','Pilihan D','-','A',1,1,1,'2022-02-23 17:31:18','2022-02-23 17:31:18'),
(957,'Pertanyaan Pemahaman',47,4,'Pilihan A','Pilihan B','Pilihan C','Pilihan D','-','C',1,1,1,'2022-02-23 17:31:18','2022-02-23 17:31:18'),
(958,'Pertanyaan Pemahaman',47,4,'Pilihan A','Pilihan B','Pilihan C','Pilihan D','-','C',1,1,1,'2022-02-23 17:31:18','2022-02-23 17:31:18'),
(959,'Pertanyaan Ruang Bidang',48,4,'Pilihan A','Pilihan B','Pilihan C','Pilihan D','-','C',1,1,1,'2022-02-23 17:31:18','2022-02-23 17:31:18'),
(960,'Pertanyaan Ruang Bidang',48,4,'Pilihan A','Pilihan B','Pilihan C','Pilihan D','-','D',1,1,1,'2022-02-23 17:31:18','2022-02-23 17:31:18'),
(961,'Pertanyaan Ruang Bidang',48,4,'Pilihan A','Pilihan B','Pilihan C','Pilihan D','-','B',1,1,1,'2022-02-23 17:31:18','2022-02-23 17:31:18'),
(962,'Pertanyaan Ruang Bidang',48,4,'Pilihan A','Pilihan B','Pilihan C','Pilihan D','-','B',1,1,1,'2022-02-23 17:31:18','2022-02-23 17:31:18'),
(963,'Pertanyaan Ruang Bidang',48,4,'Pilihan A','Pilihan B','Pilihan C','Pilihan D','-','C',1,1,1,'2022-02-23 17:31:18','2022-02-23 17:31:18'),
(964,'Pertanyaan Ruang Bidang',48,4,'Pilihan A','Pilihan B','Pilihan C','Pilihan D','-','C',1,1,1,'2022-02-23 17:31:18','2022-02-23 17:31:18'),
(965,'Pertanyaan Ruang Bidang',48,4,'Pilihan A','Pilihan B','Pilihan C','Pilihan D','-','A',1,1,1,'2022-02-23 17:31:18','2022-02-23 17:31:18'),
(966,'Pertanyaan Ruang Bidang',48,4,'Pilihan A','Pilihan B','Pilihan C','Pilihan D','-','C',1,1,1,'2022-02-23 17:31:18','2022-02-23 17:31:18'),
(967,'Pertanyaan Ruang Bidang',48,4,'Pilihan A','Pilihan B','Pilihan C','Pilihan D','-','C',1,1,1,'2022-02-23 17:31:18','2022-02-23 17:31:18'),
(968,'Pertanyaan Ruang Bidang',48,4,'Pilihan A','Pilihan B','Pilihan C','Pilihan D','-','D',1,1,1,'2022-02-23 17:31:18','2022-02-23 17:31:18'),
(969,'Pertanyaan Ruang Bidang',48,4,'Pilihan A','Pilihan B','Pilihan C','Pilihan D','-','A',1,1,1,'2022-02-23 17:31:18','2022-02-23 17:31:18'),
(970,'Pertanyaan Ruang Bidang',48,4,'Pilihan A','Pilihan B','Pilihan C','Pilihan D','-','A',1,1,1,'2022-02-23 17:31:18','2022-02-23 17:31:18'),
(971,'Pertanyaan Ruang Bidang',48,4,'Pilihan A','Pilihan B','Pilihan C','Pilihan D','-','C',1,1,1,'2022-02-23 17:31:18','2022-02-23 17:31:18'),
(972,'Pertanyaan Ruang Bidang',48,4,'Pilihan A','Pilihan B','Pilihan C','Pilihan D','-','C',1,1,1,'2022-02-23 17:31:18','2022-02-23 17:31:18'),
(973,'Pertanyaan Ruang Bidang',48,4,'Pilihan A','Pilihan B','Pilihan C','Pilihan D','-','C',1,1,1,'2022-02-23 17:31:18','2022-02-23 17:31:18'),
(974,'Pertanyaan Ruang Bidang',48,4,'Pilihan A','Pilihan B','Pilihan C','Pilihan D','-','B',1,1,1,'2022-02-23 17:31:18','2022-02-23 17:31:18'),
(975,'Pertanyaan Ruang Bidang',48,4,'Pilihan A','Pilihan B','Pilihan C','Pilihan D','-','D',1,1,1,'2022-02-23 17:31:18','2022-02-23 17:31:18'),
(976,'Pertanyaan Ruang Bidang',48,4,'Pilihan A','Pilihan B','Pilihan C','Pilihan D','-','C',1,1,1,'2022-02-23 17:31:18','2022-02-23 17:31:18'),
(977,'Pertanyaan Ruang Bidang',48,4,'Pilihan A','Pilihan B','Pilihan C','Pilihan D','-','A',1,1,1,'2022-02-23 17:31:18','2022-02-23 17:31:18'),
(978,'Pertanyaan Ruang Bidang',48,4,'Pilihan A','Pilihan B','Pilihan C','Pilihan D','-','A',1,1,1,'2022-02-23 17:31:18','2022-02-23 17:31:18'),
(979,'Pertanyaan Ruang Bidang',48,4,'Pilihan A','Pilihan B','Pilihan C','Pilihan D','-','D',1,1,1,'2022-02-23 17:31:18','2022-02-23 17:31:18'),
(980,'Pertanyaan Ruang Bidang',48,4,'Pilihan A','Pilihan B','Pilihan C','Pilihan D','-','B',1,1,1,'2022-02-23 17:31:18','2022-02-23 17:31:18'),
(981,'Pertanyaan Ruang Bidang',48,4,'Pilihan A','Pilihan B','Pilihan C','Pilihan D','-','A',1,1,1,'2022-02-23 17:31:18','2022-02-23 17:31:18'),
(982,'Pertanyaan Ruang Bidang',48,4,'Pilihan A','Pilihan B','Pilihan C','Pilihan D','-','C',1,1,1,'2022-02-23 17:31:18','2022-02-23 17:31:18'),
(983,'Pertanyaan Ruang Bidang',48,4,'Pilihan A','Pilihan B','Pilihan C','Pilihan D','-','A',1,1,1,'2022-02-23 17:31:18','2022-02-23 17:31:18'),
(984,'Pertanyaan Ruang Bidang',48,4,'Pilihan A','Pilihan B','Pilihan C','Pilihan D','-','D',1,1,1,'2022-02-23 17:31:18','2022-02-23 17:31:18'),
(985,'Pertanyaan Ruang Bidang',48,4,'Pilihan A','Pilihan B','Pilihan C','Pilihan D','-','D',1,1,1,'2022-02-23 17:31:18','2022-02-23 17:31:18'),
(986,'Pertanyaan Ruang Bidang',48,4,'Pilihan A','Pilihan B','Pilihan C','Pilihan D','-','B',1,1,1,'2022-02-23 17:31:18','2022-02-23 17:31:18'),
(987,'Pertanyaan Ruang Bidang',48,4,'Pilihan A','Pilihan B','Pilihan C','Pilihan D','-','B',1,1,1,'2022-02-23 17:31:18','2022-02-23 17:31:18'),
(988,'Pertanyaan Ruang Bidang',48,4,'Pilihan A','Pilihan B','Pilihan C','Pilihan D','-','D',1,1,1,'2022-02-23 17:31:18','2022-02-23 17:31:18'),
(989,'Pertanyaan Ruang Bidang',48,4,'Pilihan A','Pilihan B','Pilihan C','Pilihan D','-','D',1,1,1,'2022-02-23 17:31:18','2022-02-23 17:31:18'),
(990,'Pertanyaan Ruang Bidang',48,4,'Pilihan A','Pilihan B','Pilihan C','Pilihan D','-','D',1,1,1,'2022-02-23 17:31:18','2022-02-23 17:31:18'),
(991,'Pertanyaan Ruang Bidang',48,4,'Pilihan A','Pilihan B','Pilihan C','Pilihan D','-','C',1,1,1,'2022-02-23 17:31:18','2022-02-23 17:31:18'),
(992,'Pertanyaan Ruang Bidang',48,4,'Pilihan A','Pilihan B','Pilihan C','Pilihan D','-','D',1,1,1,'2022-02-23 17:31:18','2022-02-23 17:31:18'),
(993,'Pertanyaan Ruang Bidang',48,4,'Pilihan A','Pilihan B','Pilihan C','Pilihan D','-','B',1,1,1,'2022-02-23 17:31:18','2022-02-23 17:31:18'),
(994,'Pertanyaan Ruang Bidang',48,4,'Pilihan A','Pilihan B','Pilihan C','Pilihan D','-','B',1,1,1,'2022-02-23 17:31:18','2022-02-23 17:31:18'),
(995,'Pertanyaan Ruang Bidang',48,4,'Pilihan A','Pilihan B','Pilihan C','Pilihan D','-','A',1,1,1,'2022-02-23 17:31:18','2022-02-23 17:31:18'),
(996,'Pertanyaan Ruang Bidang',48,4,'Pilihan A','Pilihan B','Pilihan C','Pilihan D','-','C',1,1,1,'2022-02-23 17:31:18','2022-02-23 17:31:18'),
(997,'Pertanyaan Ruang Bidang',48,4,'Pilihan A','Pilihan B','Pilihan C','Pilihan D','-','B',1,1,1,'2022-02-23 17:31:18','2022-02-23 17:31:18'),
(998,'Pertanyaan Ruang Bidang',48,4,'Pilihan A','Pilihan B','Pilihan C','Pilihan D','-','C',1,1,1,'2022-02-23 17:31:18','2022-02-23 17:31:18'),
(999,'Pertanyaan DPM',49,3,'Pilihan A','Pilihan B','Pilihan C','Pilihan D','-','A',1,1,1,'2022-02-23 17:31:18','2022-02-23 17:31:18'),
(1000,'Pertanyaan DPM',49,2,'Pilihan A','Pilihan B','Pilihan C','Pilihan D','-','A',1,1,1,'2022-02-23 17:31:18','2022-02-23 17:31:18'),
(1001,'Pertanyaan DPM',49,2,'Pilihan A','Pilihan B','Pilihan C','Pilihan D','-','B',1,1,1,'2022-02-23 17:31:18','2022-02-23 17:31:18'),
(1002,'Pertanyaan DPM',49,3,'Pilihan A','Pilihan B','Pilihan C','Pilihan D','-','A',1,1,1,'2022-02-23 17:31:18','2022-02-23 17:31:18'),
(1003,'Pertanyaan DPM',49,2,'Pilihan A','Pilihan B','Pilihan C','Pilihan D','-','A',1,1,1,'2022-02-23 17:31:18','2022-02-23 17:31:18'),
(1004,'Pertanyaan DPM',49,3,'Pilihan A','Pilihan B','Pilihan C','Pilihan D','-','A',1,1,1,'2022-02-23 17:31:18','2022-02-23 17:31:18'),
(1005,'Pertanyaan DPM',49,3,'Pilihan A','Pilihan B','Pilihan C','Pilihan D','-','B',1,1,1,'2022-02-23 17:31:18','2022-02-23 17:31:18'),
(1006,'Pertanyaan DPM',49,2,'Pilihan A','Pilihan B','Pilihan C','Pilihan D','-','B',1,1,1,'2022-02-23 17:31:18','2022-02-23 17:31:18'),
(1007,'Pertanyaan DPM',49,2,'Pilihan A','Pilihan B','Pilihan C','Pilihan D','-','B',1,1,1,'2022-02-23 17:31:18','2022-02-23 17:31:18'),
(1008,'Pertanyaan DPM',49,2,'Pilihan A','Pilihan B','Pilihan C','Pilihan D','-','A',1,1,1,'2022-02-23 17:31:18','2022-02-23 17:31:18'),
(1009,'Pertanyaan DPM',49,2,'Pilihan A','Pilihan B','Pilihan C','Pilihan D','-','B',1,1,1,'2022-02-23 17:31:18','2022-02-23 17:31:18'),
(1010,'Pertanyaan DPM',49,3,'Pilihan A','Pilihan B','Pilihan C','Pilihan D','-','B',1,1,1,'2022-02-23 17:31:18','2022-02-23 17:31:18'),
(1011,'Pertanyaan DPM',49,3,'Pilihan A','Pilihan B','Pilihan C','Pilihan D','-','A',1,1,1,'2022-02-23 17:31:18','2022-02-23 17:31:18'),
(1012,'Pertanyaan DPM',49,3,'Pilihan A','Pilihan B','Pilihan C','Pilihan D','-','C',1,1,1,'2022-02-23 17:31:18','2022-02-23 17:31:18'),
(1013,'Pertanyaan DPM',49,3,'Pilihan A','Pilihan B','Pilihan C','Pilihan D','-','B',1,1,1,'2022-02-23 17:31:18','2022-02-23 17:31:18'),
(1014,'Pertanyaan DPM',49,3,'Pilihan A','Pilihan B','Pilihan C','Pilihan D','-','C',1,1,1,'2022-02-23 17:31:18','2022-02-23 17:31:18'),
(1015,'Pertanyaan DPM',49,3,'Pilihan A','Pilihan B','Pilihan C','Pilihan D','-','B',1,1,1,'2022-02-23 17:31:18','2022-02-23 17:31:18'),
(1016,'Pertanyaan DPM',49,3,'Pilihan A','Pilihan B','Pilihan C','Pilihan D','-','A',1,1,1,'2022-02-23 17:31:18','2022-02-23 17:31:18'),
(1017,'Pertanyaan DPM',49,3,'Pilihan A','Pilihan B','Pilihan C','Pilihan D','-','C',1,1,1,'2022-02-23 17:31:18','2022-02-23 17:31:18'),
(1018,'Pertanyaan DPM',49,3,'Pilihan A','Pilihan B','Pilihan C','Pilihan D','-','B',1,1,1,'2022-02-23 17:31:18','2022-02-23 17:31:18'),
(1019,'Pertanyaan DPM',49,3,'Pilihan A','Pilihan B','Pilihan C','Pilihan D','-','A',1,1,1,'2022-02-23 17:31:18','2022-02-23 17:31:18'),
(1020,'Pertanyaan DPM',49,3,'Pilihan A','Pilihan B','Pilihan C','Pilihan D','-','B',1,1,1,'2022-02-23 17:31:18','2022-02-23 17:31:18'),
(1021,'Pertanyaan DPM',49,3,'Pilihan A','Pilihan B','Pilihan C','Pilihan D','-','A',1,1,1,'2022-02-23 17:31:18','2022-02-23 17:31:18'),
(1022,'Pertanyaan DPM',49,2,'Pilihan A','Pilihan B','Pilihan C','Pilihan D','-','B',1,1,1,'2022-02-23 17:31:18','2022-02-23 17:31:18'),
(1023,'Pertanyaan DPM',49,3,'Pilihan A','Pilihan B','Pilihan C','Pilihan D','-','A',1,1,1,'2022-02-23 17:31:18','2022-02-23 17:31:18'),
(1024,'Pertanyaan DPM',49,3,'Pilihan A','Pilihan B','Pilihan C','Pilihan D','-','A',1,1,1,'2022-02-23 17:31:18','2022-02-23 17:31:18'),
(1025,'Pertanyaan DPM',49,3,'Pilihan A','Pilihan B','Pilihan C','Pilihan D','-','B',1,1,1,'2022-02-23 17:31:18','2022-02-23 17:31:18'),
(1026,'Pertanyaan DPM',49,3,'Pilihan A','Pilihan B','Pilihan C','Pilihan D','-','A',1,1,1,'2022-02-23 17:31:18','2022-02-23 17:31:18'),
(1027,'Pertanyaan DPM',49,3,'Pilihan A','Pilihan B','Pilihan C','Pilihan D','-','B',1,1,1,'2022-02-23 17:31:18','2022-02-23 17:31:18'),
(1028,'Pertanyaan DPM',49,3,'Pilihan A','Pilihan B','Pilihan C','Pilihan D','-','B',1,1,1,'2022-02-23 17:31:18','2022-02-23 17:31:18'),
(1029,'Pertanyaan DPM',49,3,'Pilihan A','Pilihan B','Pilihan C','Pilihan D','-','B',1,1,1,'2022-02-23 17:31:18','2022-02-23 17:31:18'),
(1030,'Pertanyaan DPM',49,3,'Pilihan A','Pilihan B','Pilihan C','Pilihan D','-','B',1,1,1,'2022-02-23 17:31:18','2022-02-23 17:31:18'),
(1031,'Pertanyaan DPM',49,4,'Pilihan A','Pilihan B','Pilihan C','Pilihan D','-','B',1,1,1,'2022-02-23 17:31:18','2022-02-23 17:31:18'),
(1032,'Pertanyaan DPM',49,4,'Pilihan A','Pilihan B','Pilihan C','Pilihan D','-','A',1,1,1,'2022-02-23 17:31:18','2022-02-23 17:31:18'),
(1033,'Pertanyaan DPM',49,4,'Pilihan A','Pilihan B','Pilihan C','Pilihan D','-','D',1,1,1,'2022-02-23 17:31:18','2022-02-23 17:31:18'),
(1034,'Pertanyaan DPM',49,4,'Pilihan A','Pilihan B','Pilihan C','Pilihan D','-','B',1,1,1,'2022-02-23 17:31:18','2022-02-23 17:31:18'),
(1035,'Pertanyaan DPM',49,4,'Pilihan A','Pilihan B','Pilihan C','Pilihan D','-','D',1,1,1,'2022-02-23 17:31:18','2022-02-23 17:31:18'),
(1036,'Pertanyaan DPM',49,4,'Pilihan A','Pilihan B','Pilihan C','Pilihan D','-','D',1,1,1,'2022-02-23 17:31:18','2022-02-23 17:31:18'),
(1037,'Pertanyaan DPM',49,4,'Pilihan A','Pilihan B','Pilihan C','Pilihan D','-','A',1,1,1,'2022-02-23 17:31:18','2022-02-23 17:31:18'),
(1038,'Pertanyaan DPM',49,4,'Pilihan A','Pilihan B','Pilihan C','Pilihan D','-','A',1,1,1,'2022-02-23 17:31:18','2022-02-23 17:31:18'),
(1039,'Pertanyaan DPM',49,4,'Pilihan A','Pilihan B','Pilihan C','Pilihan D','-','B',1,1,1,'2022-02-23 17:31:18','2022-02-23 17:31:18'),
(1040,'Pertanyaan DPM',49,4,'Pilihan A','Pilihan B','Pilihan C','Pilihan D','-','A',1,1,1,'2022-02-23 17:31:18','2022-02-23 17:31:18'),
(1041,'Pertanyaan DPM',49,4,'Pilihan A','Pilihan B','Pilihan C','Pilihan D','-','B',1,1,1,'2022-02-23 17:31:18','2022-02-23 17:31:18'),
(1042,'Pertanyaan DPM',49,4,'Pilihan A','Pilihan B','Pilihan C','Pilihan D','-','B',1,1,1,'2022-02-23 17:31:18','2022-02-23 17:31:18'),
(1043,'Pertanyaan DPM',49,2,'Pilihan A','Pilihan B','Pilihan C','Pilihan D','-','A',1,1,1,'2022-02-23 17:31:18','2022-02-23 17:31:18'),
(1044,'Pertanyaan DPM',49,3,'Pilihan A','Pilihan B','Pilihan C','Pilihan D','-','C',1,1,1,'2022-02-23 17:31:18','2022-02-23 17:31:18'),
(1045,'Pertanyaan DPM',49,3,'Pilihan A','Pilihan B','Pilihan C','Pilihan D','-','A',1,1,1,'2022-02-23 17:31:18','2022-02-23 17:31:18'),
(1046,'Pertanyaan DPM',49,3,'Pilihan A','Pilihan B','Pilihan C','Pilihan D','-','C',1,1,1,'2022-02-23 17:31:18','2022-02-23 17:31:18'),
(1047,'Pertanyaan DPM',49,3,'Pilihan A','Pilihan B','Pilihan C','Pilihan D','-','A',1,1,1,'2022-02-23 17:31:18','2022-02-23 17:31:18'),
(1048,'Pertanyaan DPM',49,3,'Pilihan A','Pilihan B','Pilihan C','Pilihan D','-','A',1,1,1,'2022-02-23 17:31:18','2022-02-23 17:31:18'),
(1049,'Pertanyaan DPM',49,3,'Pilihan A','Pilihan B','Pilihan C','Pilihan D','-','B',1,1,1,'2022-02-23 17:31:18','2022-02-23 17:31:18'),
(1050,'Pertanyaan DPM',49,3,'Pilihan A','Pilihan B','Pilihan C','Pilihan D','-','C',1,1,1,'2022-02-23 17:31:18','2022-02-23 17:31:18'),
(1051,'Pertanyaan DPM',49,3,'Pilihan A','Pilihan B','Pilihan C','Pilihan D','-','A',1,1,1,'2022-02-23 17:31:18','2022-02-23 17:31:18'),
(1052,'Pertanyaan DPM',49,3,'Pilihan A','Pilihan B','Pilihan C','Pilihan D','-','C',1,1,1,'2022-02-23 17:31:18','2022-02-23 17:31:18'),
(1053,'Pertanyaan DPM',49,4,'Pilihan A','Pilihan B','Pilihan C','Pilihan D','-','D',1,1,1,'2022-02-23 17:31:18','2022-02-23 17:31:18'),
(1054,'Pertanyaan DPM',49,3,'Pilihan A','Pilihan B','Pilihan C','Pilihan D','-','A',1,1,1,'2022-02-23 17:31:18','2022-02-23 17:31:18'),
(1055,'Pertanyaan DPM',49,3,'Pilihan A','Pilihan B','Pilihan C','Pilihan D','-','C',1,1,1,'2022-02-23 17:31:18','2022-02-23 17:31:18'),
(1056,'Pertanyaan DPM',49,3,'Pilihan A','Pilihan B','Pilihan C','Pilihan D','-','C',1,1,1,'2022-02-23 17:31:18','2022-02-23 17:31:18'),
(1057,'Pertanyaan DPM',49,3,'Pilihan A','Pilihan B','Pilihan C','Pilihan D','-','A',1,1,1,'2022-02-23 17:31:18','2022-02-23 17:31:18'),
(1058,'Pertanyaan DPM',49,4,'Pilihan A','Pilihan B','Pilihan C','Pilihan D','-','A',1,1,1,'2022-02-23 17:31:18','2022-02-23 17:31:18'),
(1059,'Pertanyaan Komponen',50,5,'Pilihan A','Pilihan B','Pilihan C','Pilihan D','Pilihan E','D',1,1,1,'2022-02-23 17:31:18','2022-02-23 17:31:18'),
(1060,'Pertanyaan Komponen',50,5,'Pilihan A','Pilihan B','Pilihan C','Pilihan D','Pilihan E','B',1,1,1,'2022-02-23 17:31:18','2022-02-23 17:31:18'),
(1061,'Pertanyaan Komponen',50,5,'Pilihan A','Pilihan B','Pilihan C','Pilihan D','Pilihan E','C',1,1,1,'2022-02-23 17:31:18','2022-02-23 17:31:18'),
(1062,'Pertanyaan Komponen',50,5,'Pilihan A','Pilihan B','Pilihan C','Pilihan D','Pilihan E','E',1,1,1,'2022-02-23 17:31:18','2022-02-23 17:31:18'),
(1063,'Pertanyaan Komponen',50,5,'Pilihan A','Pilihan B','Pilihan C','Pilihan D','Pilihan E','A',1,1,1,'2022-02-23 17:31:18','2022-02-23 17:31:18'),
(1064,'Pertanyaan Komponen',50,5,'Pilihan A','Pilihan B','Pilihan C','Pilihan D','Pilihan E','A',1,1,1,'2022-02-23 17:31:18','2022-02-23 17:31:18'),
(1065,'Pertanyaan Komponen',50,5,'Pilihan A','Pilihan B','Pilihan C','Pilihan D','Pilihan E','A',1,1,1,'2022-02-23 17:31:18','2022-02-23 17:31:18'),
(1066,'Pertanyaan Komponen',50,5,'Pilihan A','Pilihan B','Pilihan C','Pilihan D','Pilihan E','E',1,1,1,'2022-02-23 17:31:18','2022-02-23 17:31:18'),
(1067,'Pertanyaan Komponen',50,5,'Pilihan A','Pilihan B','Pilihan C','Pilihan D','Pilihan E','B',1,1,1,'2022-02-23 17:31:18','2022-02-23 17:31:18'),
(1068,'Pertanyaan Komponen',50,5,'Pilihan A','Pilihan B','Pilihan C','Pilihan D','Pilihan E','E',1,1,1,'2022-02-23 17:31:18','2022-02-23 17:31:18'),
(1069,'Pertanyaan Komponen',50,5,'Pilihan A','Pilihan B','Pilihan C','Pilihan D','Pilihan E','A',1,1,1,'2022-02-23 17:31:18','2022-02-23 17:31:18'),
(1070,'Pertanyaan Komponen',50,5,'Pilihan A','Pilihan B','Pilihan C','Pilihan D','Pilihan E','D',1,1,1,'2022-02-23 17:31:18','2022-02-23 17:31:18'),
(1071,'Pertanyaan Komponen',50,5,'Pilihan A','Pilihan B','Pilihan C','Pilihan D','Pilihan E','B',1,1,1,'2022-02-23 17:31:18','2022-02-23 17:31:18'),
(1072,'Pertanyaan Komponen',50,5,'Pilihan A','Pilihan B','Pilihan C','Pilihan D','Pilihan E','C',1,1,1,'2022-02-23 17:31:18','2022-02-23 17:31:18'),
(1073,'Pertanyaan Komponen',50,5,'Pilihan A','Pilihan B','Pilihan C','Pilihan D','Pilihan E','B',1,1,1,'2022-02-23 17:31:18','2022-02-23 17:31:18'),
(1074,'Pertanyaan Komponen',50,5,'Pilihan A','Pilihan B','Pilihan C','Pilihan D','Pilihan E','C',1,1,1,'2022-02-23 17:31:18','2022-02-23 17:31:18'),
(1075,'Pertanyaan Komponen',50,5,'Pilihan A','Pilihan B','Pilihan C','Pilihan D','Pilihan E','E',1,1,1,'2022-02-23 17:31:18','2022-02-23 17:31:18'),
(1076,'Pertanyaan Komponen',50,5,'Pilihan A','Pilihan B','Pilihan C','Pilihan D','Pilihan E','C',1,1,1,'2022-02-23 17:31:18','2022-02-23 17:31:18'),
(1077,'Pertanyaan Komponen',50,5,'Pilihan A','Pilihan B','Pilihan C','Pilihan D','Pilihan E','D',1,1,1,'2022-02-23 17:31:18','2022-02-23 17:31:18'),
(1078,'Pertanyaan Komponen',50,5,'Pilihan A','Pilihan B','Pilihan C','Pilihan D','Pilihan E','D',1,1,1,'2022-02-23 17:31:18','2022-02-23 17:31:18'),
(1079,'Pertanyaan Komponen',50,5,'Pilihan A','Pilihan B','Pilihan C','Pilihan D','Pilihan E','D',1,1,1,'2022-02-23 17:31:18','2022-02-23 17:31:18'),
(1080,'Pertanyaan Komponen',50,5,'Pilihan A','Pilihan B','Pilihan C','Pilihan D','Pilihan E','E',1,1,1,'2022-02-23 17:31:18','2022-02-23 17:31:18'),
(1081,'Pertanyaan Komponen',50,5,'Pilihan A','Pilihan B','Pilihan C','Pilihan D','Pilihan E','A',1,1,1,'2022-02-23 17:31:18','2022-02-23 17:31:18'),
(1082,'Pertanyaan Komponen',50,5,'Pilihan A','Pilihan B','Pilihan C','Pilihan D','Pilihan E','A',1,1,1,'2022-02-23 17:31:18','2022-02-23 17:31:18'),
(1083,'Pertanyaan Komponen',50,5,'Pilihan A','Pilihan B','Pilihan C','Pilihan D','Pilihan E','C',1,1,1,'2022-02-23 17:31:18','2022-02-23 17:31:18'),
(1084,'Pertanyaan Komponen',50,5,'Pilihan A','Pilihan B','Pilihan C','Pilihan D','Pilihan E','E',1,1,1,'2022-02-23 17:31:18','2022-02-23 17:31:18'),
(1085,'Pertanyaan Komponen',50,5,'Pilihan A','Pilihan B','Pilihan C','Pilihan D','Pilihan E','B',1,1,1,'2022-02-23 17:31:18','2022-02-23 17:31:18'),
(1086,'Pertanyaan Komponen',50,5,'Pilihan A','Pilihan B','Pilihan C','Pilihan D','Pilihan E','A',1,1,1,'2022-02-23 17:31:18','2022-02-23 17:31:18'),
(1087,'Pertanyaan Komponen',50,5,'Pilihan A','Pilihan B','Pilihan C','Pilihan D','Pilihan E','C',1,1,1,'2022-02-23 17:31:18','2022-02-23 17:31:18'),
(1088,'Pertanyaan Komponen',50,5,'Pilihan A','Pilihan B','Pilihan C','Pilihan D','Pilihan E','B',1,1,1,'2022-02-23 17:31:18','2022-02-23 17:31:18'),
(1089,'Pertanyaan Komponen',50,5,'Pilihan A','Pilihan B','Pilihan C','Pilihan D','Pilihan E','B',1,1,1,'2022-02-23 17:31:18','2022-02-23 17:31:18'),
(1090,'Pertanyaan Komponen',50,5,'Pilihan A','Pilihan B','Pilihan C','Pilihan D','Pilihan E','C',1,1,1,'2022-02-23 17:31:18','2022-02-23 17:31:18'),
(1091,'Pertanyaan Komponen',50,5,'Pilihan A','Pilihan B','Pilihan C','Pilihan D','Pilihan E','D',1,1,1,'2022-02-23 17:31:18','2022-02-23 17:31:18'),
(1092,'Pertanyaan Komponen',50,5,'Pilihan A','Pilihan B','Pilihan C','Pilihan D','Pilihan E','C',1,1,1,'2022-02-23 17:31:18','2022-02-23 17:31:18'),
(1093,'Pertanyaan Komponen',50,5,'Pilihan A','Pilihan B','Pilihan C','Pilihan D','Pilihan E','E',1,1,1,'2022-02-23 17:31:18','2022-02-23 17:31:18'),
(1094,'Pertanyaan Komponen',50,5,'Pilihan A','Pilihan B','Pilihan C','Pilihan D','Pilihan E','A',1,1,1,'2022-02-23 17:31:18','2022-02-23 17:31:18'),
(1095,'Pertanyaan Komponen',50,5,'Pilihan A','Pilihan B','Pilihan C','Pilihan D','Pilihan E','A',1,1,1,'2022-02-23 17:31:18','2022-02-23 17:31:18'),
(1096,'Pertanyaan Komponen',50,5,'Pilihan A','Pilihan B','Pilihan C','Pilihan D','Pilihan E','B',1,1,1,'2022-02-23 17:31:18','2022-02-23 17:31:18'),
(1097,'Pertanyaan Komponen',50,5,'Pilihan A','Pilihan B','Pilihan C','Pilihan D','Pilihan E','E',1,1,1,'2022-02-23 17:31:18','2022-02-23 17:31:18'),
(1098,'Pertanyaan Komponen',50,5,'Pilihan A','Pilihan B','Pilihan C','Pilihan D','Pilihan E','D',1,1,1,'2022-02-23 17:31:18','2022-02-23 17:31:18'),
(1099,'Pertanyaan Merakit',51,5,'Pilihan A','Pilihan B','Pilihan C','Pilihan D','Pilihan E','D',1,1,1,'2022-02-23 17:31:18','2022-02-23 17:31:18'),
(1100,'Pertanyaan Merakit',51,5,'Pilihan A','Pilihan B','Pilihan C','Pilihan D','Pilihan E','E',1,1,1,'2022-02-23 17:31:18','2022-02-23 17:31:18'),
(1101,'Pertanyaan Merakit',51,5,'Pilihan A','Pilihan B','Pilihan C','Pilihan D','Pilihan E','A',1,1,1,'2022-02-23 17:31:18','2022-02-23 17:31:18'),
(1102,'Pertanyaan Merakit',51,5,'Pilihan A','Pilihan B','Pilihan C','Pilihan D','Pilihan E','C',1,1,1,'2022-02-23 17:31:18','2022-02-23 17:31:18'),
(1103,'Pertanyaan Merakit',51,5,'Pilihan A','Pilihan B','Pilihan C','Pilihan D','Pilihan E','E',1,1,1,'2022-02-23 17:31:18','2022-02-23 17:31:18'),
(1104,'Pertanyaan Merakit',51,5,'Pilihan A','Pilihan B','Pilihan C','Pilihan D','Pilihan E','A',1,1,1,'2022-02-23 17:31:18','2022-02-23 17:31:18'),
(1105,'Pertanyaan Merakit',51,5,'Pilihan A','Pilihan B','Pilihan C','Pilihan D','Pilihan E','D',1,1,1,'2022-02-23 17:31:18','2022-02-23 17:31:18'),
(1106,'Pertanyaan Merakit',51,5,'Pilihan A','Pilihan B','Pilihan C','Pilihan D','Pilihan E','E',1,1,1,'2022-02-23 17:31:18','2022-02-23 17:31:18'),
(1107,'Pertanyaan Merakit',51,5,'Pilihan A','Pilihan B','Pilihan C','Pilihan D','Pilihan E','A',1,1,1,'2022-02-23 17:31:18','2022-02-23 17:31:18'),
(1108,'Pertanyaan Merakit',51,5,'Pilihan A','Pilihan B','Pilihan C','Pilihan D','Pilihan E','E',1,1,1,'2022-02-23 17:31:18','2022-02-23 17:31:18'),
(1109,'Pertanyaan Merakit',51,5,'Pilihan A','Pilihan B','Pilihan C','Pilihan D','Pilihan E','C',1,1,1,'2022-02-23 17:31:18','2022-02-23 17:31:18'),
(1110,'Pertanyaan Merakit',51,5,'Pilihan A','Pilihan B','Pilihan C','Pilihan D','Pilihan E','D',1,1,1,'2022-02-23 17:31:18','2022-02-23 17:31:18'),
(1111,'Pertanyaan Merakit',51,5,'Pilihan A','Pilihan B','Pilihan C','Pilihan D','Pilihan E','E',1,1,1,'2022-02-23 17:31:18','2022-02-23 17:31:18'),
(1112,'Pertanyaan Merakit',51,5,'Pilihan A','Pilihan B','Pilihan C','Pilihan D','Pilihan E','D',1,1,1,'2022-02-23 17:31:18','2022-02-23 17:31:18'),
(1113,'Pertanyaan Merakit',51,5,'Pilihan A','Pilihan B','Pilihan C','Pilihan D','Pilihan E','A',1,1,1,'2022-02-23 17:31:18','2022-02-23 17:31:18'),
(1114,'Pertanyaan Merakit',51,5,'Pilihan A','Pilihan B','Pilihan C','Pilihan D','Pilihan E','B',1,1,1,'2022-02-23 17:31:18','2022-02-23 17:31:18'),
(1115,'Pertanyaan Merakit',51,5,'Pilihan A','Pilihan B','Pilihan C','Pilihan D','Pilihan E','D',1,1,1,'2022-02-23 17:31:18','2022-02-23 17:31:18'),
(1116,'Pertanyaan Merakit',51,5,'Pilihan A','Pilihan B','Pilihan C','Pilihan D','Pilihan E','B',1,1,1,'2022-02-23 17:31:18','2022-02-23 17:31:18'),
(1117,'Pertanyaan Merakit',51,5,'Pilihan A','Pilihan B','Pilihan C','Pilihan D','Pilihan E','C',1,1,1,'2022-02-23 17:31:18','2022-02-23 17:31:18'),
(1118,'Pertanyaan Merakit',51,5,'Pilihan A','Pilihan B','Pilihan C','Pilihan D','Pilihan E','B',1,1,1,'2022-02-23 17:31:18','2022-02-23 17:31:18'),
(1119,'Pertanyaan Penalaran Mekanik',52,4,'Pilihan A','Pilihan B','Pilihan C','Pilihan D','-','D',1,1,1,'2022-02-23 17:31:18','2022-02-23 17:31:18'),
(1120,'Pertanyaan Penalaran Mekanik',52,4,'Pilihan A','Pilihan B','Pilihan C','Pilihan D','-','B',1,1,1,'2022-02-23 17:31:18','2022-02-23 17:31:18'),
(1121,'Pertanyaan Penalaran Mekanik',52,4,'Pilihan A','Pilihan B','Pilihan C','Pilihan D','-','B',1,1,1,'2022-02-23 17:31:18','2022-02-23 17:31:18'),
(1122,'Pertanyaan Penalaran Mekanik',52,4,'Pilihan A','Pilihan B','Pilihan C','Pilihan D','-','B',1,1,1,'2022-02-23 17:31:18','2022-02-23 17:31:18'),
(1123,'Pertanyaan Penalaran Mekanik',52,4,'Pilihan A','Pilihan B','Pilihan C','Pilihan D','-','B',1,1,1,'2022-02-23 17:31:18','2022-02-23 17:31:18'),
(1124,'Pertanyaan Penalaran Mekanik',52,4,'Pilihan A','Pilihan B','Pilihan C','Pilihan D','-','C',1,1,1,'2022-02-23 17:31:18','2022-02-23 17:31:18'),
(1125,'Pertanyaan Penalaran Mekanik',52,4,'Pilihan A','Pilihan B','Pilihan C','Pilihan D','-','A',1,1,1,'2022-02-23 17:31:18','2022-02-23 17:31:18'),
(1126,'Pertanyaan Penalaran Mekanik',52,4,'Pilihan A','Pilihan B','Pilihan C','Pilihan D','-','C',1,1,1,'2022-02-23 17:31:18','2022-02-23 17:31:18'),
(1127,'Pertanyaan Penalaran Mekanik',52,4,'Pilihan A','Pilihan B','Pilihan C','Pilihan D','-','C',1,1,1,'2022-02-23 17:31:18','2022-02-23 17:31:18'),
(1128,'Pertanyaan Penalaran Mekanik',52,4,'Pilihan A','Pilihan B','Pilihan C','Pilihan D','-','A',1,1,1,'2022-02-23 17:31:18','2022-02-23 17:31:18'),
(1129,'Pertanyaan Penalaran Mekanik',52,4,'Pilihan A','Pilihan B','Pilihan C','Pilihan D','-','B',1,1,1,'2022-02-23 17:31:18','2022-02-23 17:31:18'),
(1130,'Pertanyaan Penalaran Mekanik',52,4,'Pilihan A','Pilihan B','Pilihan C','Pilihan D','-','D',1,1,1,'2022-02-23 17:31:18','2022-02-23 17:31:18'),
(1131,'Pertanyaan Penalaran Mekanik',52,4,'Pilihan A','Pilihan B','Pilihan C','Pilihan D','-','D',1,1,1,'2022-02-23 17:31:18','2022-02-23 17:31:18'),
(1132,'Pertanyaan Penalaran Mekanik',52,4,'Pilihan A','Pilihan B','Pilihan C','Pilihan D','-','D',1,1,1,'2022-02-23 17:31:18','2022-02-23 17:31:18'),
(1133,'Pertanyaan Penalaran Mekanik',52,4,'Pilihan A','Pilihan B','Pilihan C','Pilihan D','-','A',1,1,1,'2022-02-23 17:31:18','2022-02-23 17:31:18'),
(1134,'Pertanyaan Penalaran Mekanik',52,4,'Pilihan A','Pilihan B','Pilihan C','Pilihan D','-','C',1,1,1,'2022-02-23 17:31:18','2022-02-23 17:31:18'),
(1135,'Pertanyaan Penalaran Mekanik',52,4,'Pilihan A','Pilihan B','Pilihan C','Pilihan D','-','C',1,1,1,'2022-02-23 17:31:18','2022-02-23 17:31:18'),
(1136,'Pertanyaan Penalaran Mekanik',52,4,'Pilihan A','Pilihan B','Pilihan C','Pilihan D','-','B',1,1,1,'2022-02-23 17:31:18','2022-02-23 17:31:18'),
(1137,'Pertanyaan Penalaran Mekanik',52,4,'Pilihan A','Pilihan B','Pilihan C','Pilihan D','-','C',1,1,1,'2022-02-23 17:31:18','2022-02-23 17:31:18'),
(1138,'Pertanyaan Penalaran Mekanik',52,4,'Pilihan A','Pilihan B','Pilihan C','Pilihan D','-','B',1,1,1,'2022-02-23 17:31:18','2022-02-23 17:31:18'),
(1139,'aku ingin begini',2,5,'aaa','bbb','ccc','ddd','eee','a',1,1,1,'2022-03-02 14:34:19','2022-03-02 14:34:19'),
(1140,'2,7,7,9,7,4,6,6,9,2,2,1,1,8,2,2,6,5,9,2,9,8,6,4,7,2,9,4',53,1,'-','-','-','-','-','3,1,9,1,0,4,7,1,1,4,1,8,4,0,9,2,3,4,1,5,2,0,1,6,6,4,9',1,1,1,'2022-03-13 08:29:10','2022-03-13 08:29:10'),
(1141,'7,5,6,9,6,7,1,9,5,3,6,3,5,2,9,5,6,4,2,6,8,5,7,1,6,1,8,3',53,1,'-','-','-','-','-','1,9,7,7,8,2,3,4,8,6,0,1,4,1,7,8,9,9,8,4,0,8,3,5,5,1,2',1,1,1,'2022-03-13 08:29:10','2022-03-13 08:29:10'),
(1142,'1,5,1,9,3,2,3,6,9,8,9,1,1,2,4,8,5,7,5,9,1,8,6,5,7,5,5,5',53,1,'-','-','-','-','-','0,0,2,2,1,4,9,0,4,2,2,3,2,6,3,2,0,7,7,5,9,5,5,2,0,6,6',1,1,1,'2022-03-13 08:29:10','2022-03-13 08:29:10'),
(1143,'2,3,4,2,5,6,7,7,3,2,6,7,8,8,4,7,8,7,5,3,5,7,8,8,2,4,6,5',53,1,'-','-','-','-','-','1,0,6,0,6,5,2,8,8,2,5,5,1,2,6,5,3,8,5,0,4,3,1,7,6,7,5',1,1,1,'2022-03-13 08:29:10','2022-03-13 08:29:10'),
(1144,'3,6,1,2,7,9,2,8,7,4,3,3,7,6,2,9,3,9,5,7,3,3,9,9,6,1,3,1',53,1,'-','-','-','-','-','4,4,7,5,8,2,6,0,2,4,2,2,1,8,3,0,6,7,1,5,0,1,6,9,3,7,9',1,1,1,'2022-03-13 08:29:10','2022-03-13 08:29:10'),
(1145,'6,8,2,9,6,7,1,8,9,6,4,1,7,9,7,8,8,6,6,5,2,5,8,7,3,7,1,7',53,1,'-','-','-','-','-','8,8,0,0,5,3,7,7,1,2,4,6,5,6,6,8,5,0,5,7,9,8,3,5,1,0,4',1,1,1,'2022-03-13 08:29:10','2022-03-13 08:29:10'),
(1146,'5,4,3,8,4,2,2,7,4,9,5,2,7,2,4,2,3,5,6,9,4,6,5,6,6,1,7,5',53,1,'-','-','-','-','-','2,8,7,2,1,1,0,3,5,1,8,5,6,6,9,9,7,4,3,1,9,4,6,2,1,7,9',1,1,1,'2022-03-13 08:29:10','2022-03-13 08:29:10'),
(1147,'5,5,8,8,1,5,1,5,4,9,7,8,8,6,6,2,6,3,3,5,2,4,4,7,7,9,1,1',53,1,'-','-','-','-','-','2,0,6,4,1,8,6,7,8,6,9,8,8,2,4,6,5,6,3,9,6,6,6,9,6,3,0',1,1,1,'2022-03-13 08:29:10','2022-03-13 08:29:10'),
(1148,'7,7,5,6,2,5,2,3,4,1,1,9,7,6,2,8,5,7,7,1,9,6,1,3,4,4,1,6',53,1,'-','-','-','-','-','7,5,8,7,4,7,5,0,8,4,2,3,0,8,3,6,0,2,5,7,5,7,7,8,1,2,4',1,1,1,'2022-03-13 08:29:10','2022-03-13 08:29:10'),
(1149,'9,1,9,9,4,6,5,4,5,2,3,5,7,2,3,6,3,1,4,9,6,8,7,4,1,9,3,5',53,1,'-','-','-','-','-','8,2,0,5,1,5,4,5,3,5,4,9,9,5,9,2,8,5,7,9,9,1,0,3,8,0,0',1,1,1,'2022-03-13 08:29:10','2022-03-13 08:29:10'),
(1150,'9,9,7,3,8,4,3,4,5,9,3,4,5,1,7,4,8,8,5,8,4,9,8,3,5,5,5,4',53,1,'-','-','-','-','-','9,0,0,8,1,7,3,2,3,3,6,2,1,8,6,9,7,2,4,9,7,7,2,1,0,6,8',1,1,1,'2022-03-13 08:29:10','2022-03-13 08:29:10'),
(1151,'4,9,6,7,3,9,1,2,5,5,8,7,2,3,3,9,9,7,7,2,3,6,2,6,6,8,9,7',53,1,'-','-','-','-','-','6,7,4,2,8,8,9,5,9,4,6,8,2,6,5,9,5,3,0,7,3,0,2,0,3,5,3',1,1,1,'2022-03-13 08:29:10','2022-03-13 08:29:10'),
(1152,'4,2,3,6,8,3,5,9,8,6,8,3,6,3,2,6,4,5,3,7,5,2,4,9,8,7,1,3',53,1,'-','-','-','-','-','4,8,5,7,3,6,7,2,0,8,9,0,8,5,9,9,1,4,4,7,4,8,1,4,9,5,6',1,1,1,'2022-03-13 08:29:10','2022-03-13 08:29:10'),
(1153,'3,3,2,9,9,8,5,9,5,5,2,9,6,4,1,1,9,9,3,3,8,4,2,2,7,2,5,3',53,1,'-','-','-','-','-','8,7,9,9,4,6,2,1,6,2,8,0,2,5,0,5,1,7,0,4,4,3,7,8,1,5,6',1,1,1,'2022-03-13 08:29:10','2022-03-13 08:29:10'),
(1154,'4,7,9,5,3,9,8,3,5,4,5,9,5,8,8,8,9,4,1,2,6,8,4,5,5,5,2,1',53,1,'-','-','-','-','-','3,7,0,0,9,2,4,8,3,5,3,7,6,6,3,4,4,9,9,8,1,7,2,8,4,6,1',1,1,1,'2022-03-13 08:29:10','2022-03-13 08:29:10'),
(1155,'5,9,1,8,3,9,9,3,6,6,2,5,9,3,7,8,4,1,8,4,6,7,3,6,2,4,7,2',53,1,'-','-','-','-','-','9,1,6,8,9,0,3,0,2,9,5,2,5,0,2,4,7,8,2,9,2,8,2,1,9,0,4',1,1,1,'2022-03-13 08:29:10','2022-03-13 08:29:10'),
(1156,'7,4,6,8,2,3,5,5,6,7,6,7,7,6,5,4,9,7,2,9,4,9,1,7,3,1,8,2',53,1,'-','-','-','-','-','0,9,4,0,8,0,3,3,1,9,6,3,9,1,3,4,3,3,3,1,0,8,5,0,4,0,1',1,1,1,'2022-03-13 08:29:10','2022-03-13 08:29:10'),
(1157,'8,6,1,3,9,3,8,3,3,7,5,7,5,3,3,2,4,5,6,9,5,4,7,1,3,8,4,3',53,1,'-','-','-','-','-','7,2,1,4,8,1,9,4,5,1,9,6,5,6,8,2,2,2,0,6,1,1,2,2,4,7,4',1,1,1,'2022-03-13 08:29:10','2022-03-13 08:29:10'),
(1158,'2,1,1,7,2,4,9,7,1,9,1,9,4,8,2,5,3,6,6,4,9,2,4,6,7,1,7,6',53,1,'-','-','-','-','-','3,8,8,3,0,6,1,3,0,2,9,8,7,0,2,3,0,0,0,8,6,3,6,9,8,2,3',1,1,1,'2022-03-13 08:29:10','2022-03-13 08:29:10'),
(1159,'6,8,4,7,1,8,8,7,5,4,7,7,8,5,1,4,6,1,9,5,5,5,4,3,5,9,7,2',53,1,'-','-','-','-','-','9,6,4,8,7,9,0,0,4,0,7,0,5,6,3,5,4,1,9,2,5,6,9,8,1,2,4',1,1,1,'2022-03-13 08:29:10','2022-03-13 08:29:10'),
(1160,'4,2,2,6,6,2,3,2,8,8,1,8,5,9,8,9,3,2,7,7,1,4,6,7,3,8,1,6',53,1,'-','-','-','-','-','7,9,1,0,3,0,5,8,4,9,5,2,7,7,4,3,9,9,6,0,5,5,8,2,8,4,6',1,1,1,'2022-03-13 08:29:10','2022-03-13 08:29:10'),
(1161,'9,1,2,1,6,5,7,4,7,1,9,6,3,9,7,2,4,9,1,7,1,2,2,8,9,2,4,9',53,1,'-','-','-','-','-','3,6,1,7,0,4,3,8,8,0,3,6,9,6,2,9,5,0,8,1,1,2,1,7,3,3,0',1,1,1,'2022-03-13 08:29:10','2022-03-13 08:29:10'),
(1162,'5,2,9,9,2,2,2,6,8,3,6,9,2,3,4,4,1,2,2,6,8,6,1,9,1,9,4,4',53,1,'-','-','-','-','-','8,3,0,0,0,7,4,4,8,4,3,5,8,7,5,1,5,9,1,4,8,4,4,1,8,1,7',1,1,1,'2022-03-13 08:29:10','2022-03-13 08:29:10'),
(1163,'9,5,4,7,8,4,1,9,1,4,2,4,9,7,9,5,6,7,8,3,1,5,9,6,7,4,2,1',53,1,'-','-','-','-','-','3,6,1,3,5,4,6,4,1,5,3,1,4,6,6,3,6,6,5,0,0,5,2,5,1,9,4',1,1,1,'2022-03-13 08:29:10','2022-03-13 08:29:10'),
(1164,'3,3,5,6,2,2,5,1,7,7,8,2,9,9,3,7,2,3,7,6,5,4,1,6,7,3,7,2',53,1,'-','-','-','-','-','9,0,0,3,7,5,9,1,3,0,5,9,0,2,8,1,0,5,4,8,6,7,4,8,1,8,6',1,1,1,'2022-03-13 08:29:10','2022-03-13 08:29:10'),
(1165,'2,7,4,1,2,1,3,2,6,2,6,5,5,9,3,5,9,5,9,5,9,6,3,1,4,1,8,1',53,1,'-','-','-','-','-','9,9,5,5,4,9,5,4,4,4,4,4,8,2,4,0,1,8,8,8,5,4,3,3,5,1,9',1,1,1,'2022-03-13 08:29:10','2022-03-13 08:29:10'),
(1166,'1,6,5,1,2,9,5,8,7,1,9,7,7,8,2,6,9,7,3,1,7,4,9,4,8,3,7,6',53,1,'-','-','-','-','-','3,0,1,2,3,3,1,8,4,0,6,5,8,0,5,4,6,0,8,5,3,4,1,3,6,1,7',1,1,1,'2022-03-13 08:29:10','2022-03-13 08:29:10'),
(1167,'3,2,7,4,2,7,3,1,5,6,4,9,2,4,9,5,2,1,7,4,5,9,4,8,5,6,5,7',53,1,'-','-','-','-','-','2,1,1,3,2,3,4,9,1,8,3,7,4,3,6,1,3,0,1,6,4,0,9,6,1,9,5',1,1,1,'2022-03-13 08:29:10','2022-03-13 08:29:10'),
(1168,'8,1,3,7,1,7,7,2,3,2,5,6,3,7,7,4,9,7,5,4,8,4,3,7,5,2,3,3',53,1,'-','-','-','-','-','6,5,7,2,0,7,2,2,9,2,6,3,1,4,0,9,1,7,5,5,9,4,8,8,0,4,9',1,1,1,'2022-03-13 08:29:10','2022-03-13 08:29:10'),
(1169,'5,9,3,4,6,8,6,4,6,3,1,5,6,5,6,9,4,3,5,9,4,2,8,7,3,2,9,2',53,1,'-','-','-','-','-','1,1,5,0,5,0,6,3,4,8,7,3,5,1,1,1,6,4,9,0,0,4,4,0,7,2,4',1,1,1,'2022-03-13 08:29:10','2022-03-13 08:29:10'),
(1170,'6,6,6,2,6,7,1,5,6,4,7,8,8,9,7,1,7,5,6,2,5,1,2,3,1,2,8,3',53,1,'-','-','-','-','-','1,0,3,4,5,3,6,7,8,1,2,8,8,6,7,6,5,1,0,1,6,8,3,8,8,2,2',1,1,1,'2022-03-13 08:29:10','2022-03-13 08:29:10'),
(1171,'9,3,6,7,2,8,7,3,7,9,2,4,7,4,1,3,1,3,9,9,1,6,8,6,3,9,7,3',53,1,'-','-','-','-','-','0,6,2,9,4,4,7,0,8,2,4,4,4,5,1,1,6,1,6,0,0,5,0,9,3,9,2',1,1,1,'2022-03-13 08:29:10','2022-03-13 08:29:10'),
(1172,'3,7,5,6,1,6,9,1,4,1,8,2,2,3,1,7,8,3,9,3,7,1,4,9,9,2,4,1',53,1,'-','-','-','-','-','5,6,1,8,3,5,8,0,2,2,1,5,8,4,5,4,0,9,5,5,0,5,7,7,1,2,0',1,1,1,'2022-03-13 08:29:10','2022-03-13 08:29:10'),
(1173,'8,4,7,7,3,3,1,4,4,1,3,9,4,3,1,5,9,9,1,7,6,6,8,5,3,3,9,6',53,1,'-','-','-','-','-','5,2,6,8,3,4,2,3,8,0,8,4,6,4,7,3,2,4,5,8,5,4,6,0,4,1,2',1,1,1,'2022-03-13 08:29:10','2022-03-13 08:29:10'),
(1174,'3,5,1,9,7,6,7,3,6,6,2,3,8,7,4,4,4,2,5,1,2,3,7,9,4,9,6,8',53,1,'-','-','-','-','-','4,5,3,3,6,0,5,3,6,7,6,8,8,1,5,1,5,8,2,9,0,3,3,6,0,6,8',1,1,1,'2022-03-13 08:29:10','2022-03-13 08:29:10'),
(1175,'4,5,2,3,8,7,8,2,8,4,3,2,2,3,5,8,7,5,8,2,2,4,8,8,8,4,7,9',53,1,'-','-','-','-','-','6,1,2,6,6,2,6,4,0,3,2,5,3,8,5,4,5,7,2,0,0,5,5,1,5,7,9',1,1,1,'2022-03-13 08:29:10','2022-03-13 08:29:10'),
(1176,'4,2,1,1,1,8,6,5,8,6,7,5,2,2,5,6,9,8,6,9,2,8,3,9,6,3,2,1',53,1,'-','-','-','-','-','3,5,9,5,2,1,0,1,5,4,7,5,1,7,4,7,2,3,4,3,1,4,9,2,2,3,6',1,1,1,'2022-03-13 08:29:10','2022-03-13 08:29:10'),
(1177,'1,9,2,3,8,5,1,7,1,5,1,9,1,3,6,7,1,4,7,2,5,3,4,5,4,3,1,4',53,1,'-','-','-','-','-','5,4,7,9,9,7,8,7,9,1,5,8,3,9,4,0,0,6,6,8,8,6,3,1,5,1,0',1,1,1,'2022-03-13 08:29:10','2022-03-13 08:29:10'),
(1178,'7,9,3,7,3,7,6,7,1,2,5,6,2,4,7,4,2,2,4,3,6,4,6,6,6,2,9,9',53,1,'-','-','-','-','-','8,1,8,2,2,0,0,9,7,6,4,6,1,1,6,8,1,7,3,8,3,3,0,0,0,2,6',1,1,1,'2022-03-13 08:29:10','2022-03-13 08:29:10'),
(1179,'3,4,7,3,4,4,8,2,2,4,2,5,1,1,8,7,8,5,5,7,1,9,2,4,7,3,4,7',53,1,'-','-','-','-','-','1,7,0,1,6,1,0,8,2,0,3,5,5,9,2,6,7,6,6,4,0,2,8,7,0,1,7',1,1,1,'2022-03-13 08:29:10','2022-03-13 08:29:10'),
(1180,'4,2,4,7,9,4,8,9,3,5,7,5,5,9,1,9,4,3,3,9,3,9,4,3,6,7,5,2',53,1,'-','-','-','-','-','7,2,3,9,7,3,2,2,2,6,7,3,0,0,4,0,2,2,8,2,7,2,3,6,1,6,6',1,1,1,'2022-03-13 08:29:10','2022-03-13 08:29:10'),
(1181,'1,2,6,4,8,2,2,6,3,3,3,2,5,3,6,5,5,7,2,1,2,3,8,3,4,8,6,1',53,1,'-','-','-','-','-','7,4,2,7,1,1,5,3,3,9,2,0,1,9,8,7,5,6,6,9,8,4,0,2,0,8,3',1,1,1,'2022-03-13 08:29:10','2022-03-13 08:29:10'),
(1182,'2,1,5,4,1,3,8,7,1,3,3,1,4,2,3,7,8,5,3,9,3,2,1,6,4,1,9,6',53,1,'-','-','-','-','-','5,0,5,0,7,3,5,2,2,8,3,5,0,5,6,5,4,6,4,8,5,1,4,5,9,6,3',1,1,1,'2022-03-13 08:29:10','2022-03-13 08:29:10'),
(1183,'7,4,2,1,8,1,7,7,2,9,5,2,2,2,4,1,5,8,5,4,3,6,6,8,4,3,3,4',53,1,'-','-','-','-','-','7,6,7,2,4,2,9,7,9,3,3,6,5,6,4,4,7,4,1,9,4,8,9,9,3,6,1',1,1,1,'2022-03-13 08:29:10','2022-03-13 08:29:10'),
(1184,'7,4,8,7,6,6,8,2,5,1,3,4,3,2,2,6,8,8,9,2,5,7,7,8,3,2,7,4',53,1,'-','-','-','-','-','1,9,5,1,5,4,2,7,1,7,6,4,8,4,5,7,7,4,6,7,0,4,2,3,5,2,1',1,1,1,'2022-03-13 08:29:10','2022-03-13 08:29:10'),
(1185,'1,3,9,5,5,1,7,8,5,8,1,6,3,6,2,4,5,2,3,5,9,4,3,2,4,4,8,1',53,1,'-','-','-','-','-','9,2,8,6,5,7,3,4,8,5,7,9,6,8,9,9,7,9,3,3,5,8,6,0,4,2,4',1,1,1,'2022-03-13 08:29:10','2022-03-13 08:29:10'),
(1186,'8,4,2,4,7,6,7,8,4,2,6,8,3,7,3,8,7,3,7,3,3,6,4,9,4,2,4,7',53,1,'-','-','-','-','-','1,6,6,3,3,0,9,6,0,0,0,5,1,0,0,1,4,8,6,2,5,3,3,1,6,6,2',1,1,1,'2022-03-13 08:29:10','2022-03-13 08:29:10'),
(1187,'7,2,3,9,9,6,6,3,5,1,6,6,9,8,9,4,6,5,9,4,5,5,2,5,4,2,4,2',53,1,'-','-','-','-','-','6,6,6,9,7,7,0,9,3,4,1,0,3,7,7,5,2,7,6,8,9,2,5,8,2,5,9',1,1,1,'2022-03-13 08:29:10','2022-03-13 08:29:10'),
(1188,'9,5,7,4,4,5,7,4,2,2,6,8,1,5,7,9,9,3,6,8,9,1,7,5,9,2,6,1',53,1,'-','-','-','-','-','7,8,1,4,2,8,0,7,4,9,2,8,6,2,6,9,4,8,4,6,1,2,9,8,1,2,4',1,1,1,'2022-03-13 08:29:10','2022-03-13 08:29:10'),
(1189,'5,1,9,1,3,3,5,7,2,7,5,2,3,8,4,4,9,5,4,2,6,5,6,7,8,6,6,2',53,1,'-','-','-','-','-','8,2,4,5,3,1,1,8,6,9,4,3,8,2,1,5,7,2,9,9,2,8,6,4,0,0,6',1,1,1,'2022-03-13 08:29:10','2022-03-13 08:29:10'),
(1190,'Apakah anda biasanya merasa sehat dan kuat?',54,2,'Ya','Tidak','-','-','-','0',1,1,1,'2022-04-06 03:16:16','2022-04-06 03:16:16'),
(1191,'Apakah anda biasanya merasa sehat dan kuat?',54,2,'Ya','Tidak','-','-','-','1',1,1,1,'2022-04-06 03:16:16','2022-04-06 03:16:16'),
(1192,'Apakah anda biasanya merasa sehat dan kuat?',54,2,'Ya','Tidak','-','-','-','1',1,1,1,'2022-04-06 03:16:16','2022-04-06 03:16:16'),
(1193,'Apakah anda biasanya merasa sehat dan kuat?',54,2,'Ya','Tidak','-','-','-','1',1,1,1,'2022-04-06 03:16:16','2022-04-06 03:16:16'),
(1194,'Apakah anda biasanya merasa sehat dan kuat?',54,2,'Ya','Tidak','-','-','-','1',1,1,1,'2022-04-06 03:16:16','2022-04-06 03:16:16'),
(1195,'Apakah anda biasanya merasa sehat dan kuat?',54,2,'Ya','Tidak','-','-','-','1',1,1,1,'2022-04-06 03:16:16','2022-04-06 03:16:16'),
(1196,'Apakah anda biasanya merasa sehat dan kuat?',54,2,'Ya','Tidak','-','-','-','0',1,1,1,'2022-04-06 03:16:16','2022-04-06 03:16:16'),
(1197,'Apakah anda biasanya merasa sehat dan kuat?',54,2,'Ya','Tidak','-','-','-','1',1,1,1,'2022-04-06 03:16:16','2022-04-06 03:16:16'),
(1198,'Apakah anda biasanya merasa sehat dan kuat?',54,2,'Ya','Tidak','-','-','-','1',1,1,1,'2022-04-06 03:16:16','2022-04-06 03:16:16'),
(1199,'Apakah anda biasanya merasa sehat dan kuat?',54,2,'Ya','Tidak','-','-','-','1',1,1,1,'2022-04-06 03:16:16','2022-04-06 03:16:16'),
(1200,'Apakah anda biasanya merasa sehat dan kuat?',54,2,'Ya','Tidak','-','-','-','1',1,1,1,'2022-04-06 03:16:16','2022-04-06 03:16:16'),
(1201,'Apakah anda biasanya merasa sehat dan kuat?',54,2,'Ya','Tidak','-','-','-','1',1,1,1,'2022-04-06 03:16:16','2022-04-06 03:16:16'),
(1202,'Apakah anda biasanya merasa sehat dan kuat?',54,2,'Ya','Tidak','-','-','-','0',1,1,1,'2022-04-06 03:16:16','2022-04-06 03:16:16'),
(1203,'Apakah anda biasanya merasa sehat dan kuat?',54,2,'Ya','Tidak','-','-','-','1',1,1,1,'2022-04-06 03:16:16','2022-04-06 03:16:16'),
(1204,'Apakah anda biasanya merasa sehat dan kuat?',54,2,'Ya','Tidak','-','-','-','1',1,1,1,'2022-04-06 03:16:16','2022-04-06 03:16:16'),
(1205,'Apakah anda biasanya merasa sehat dan kuat?',54,2,'Ya','Tidak','-','-','-','1',1,1,1,'2022-04-06 03:16:16','2022-04-06 03:16:16'),
(1206,'Apakah anda biasanya merasa sehat dan kuat?',54,2,'Ya','Tidak','-','-','-','1',1,1,1,'2022-04-06 03:16:16','2022-04-06 03:16:16'),
(1207,'Apakah anda biasanya merasa sehat dan kuat?',54,2,'Ya','Tidak','-','-','-','1',1,1,1,'2022-04-06 03:16:16','2022-04-06 03:16:16'),
(1208,'Apakah anda biasanya merasa sehat dan kuat?',54,2,'Ya','Tidak','-','-','-','0',1,1,1,'2022-04-06 03:16:16','2022-04-06 03:16:16'),
(1209,'Apakah anda biasanya merasa sehat dan kuat?',54,2,'Ya','Tidak','-','-','-','1',1,1,1,'2022-04-06 03:16:16','2022-04-06 03:16:16'),
(1210,'Apakah anda biasanya merasa sehat dan kuat?',54,2,'Ya','Tidak','-','-','-','1',1,1,1,'2022-04-06 03:16:16','2022-04-06 03:16:16'),
(1211,'Apakah anda biasanya merasa sehat dan kuat?',54,2,'Ya','Tidak','-','-','-','1',1,1,1,'2022-04-06 03:16:16','2022-04-06 03:16:16'),
(1212,'Apakah anda biasanya merasa sehat dan kuat?',54,2,'Ya','Tidak','-','-','-','1',1,1,1,'2022-04-06 03:16:16','2022-04-06 03:16:16'),
(1213,'Apakah anda biasanya merasa sehat dan kuat?',54,2,'Ya','Tidak','-','-','-','1',1,1,1,'2022-04-06 03:16:16','2022-04-06 03:16:16'),
(1214,'Apakah anda biasanya merasa sehat dan kuat?',54,2,'Ya','Tidak','-','-','-','0',1,1,1,'2022-04-06 03:16:16','2022-04-06 03:16:16'),
(1215,'Apakah anda biasanya merasa sehat dan kuat?',54,2,'Ya','Tidak','-','-','-','1',1,1,1,'2022-04-06 03:16:16','2022-04-06 03:16:16'),
(1216,'Apakah anda biasanya merasa sehat dan kuat?',54,2,'Ya','Tidak','-','-','-','1',1,1,1,'2022-04-06 03:16:16','2022-04-06 03:16:16'),
(1217,'Apakah anda biasanya merasa sehat dan kuat?',54,2,'Ya','Tidak','-','-','-','0',1,1,1,'2022-04-06 03:16:16','2022-04-06 03:16:16'),
(1218,'Apakah anda biasanya merasa sehat dan kuat?',54,2,'Ya','Tidak','-','-','-','1',1,1,1,'2022-04-06 03:16:16','2022-04-06 03:16:16'),
(1219,'Apakah anda biasanya merasa sehat dan kuat?',54,2,'Ya','Tidak','-','-','-','1',1,1,1,'2022-04-06 03:16:16','2022-04-06 03:16:16'),
(1220,'Apakah anda biasanya merasa sehat dan kuat?',54,2,'Ya','Tidak','-','-','-','0',1,1,1,'2022-04-06 03:16:16','2022-04-06 03:16:16'),
(1221,'Apakah anda biasanya merasa sehat dan kuat?',54,2,'Ya','Tidak','-','-','-','0',1,1,1,'2022-04-06 03:16:16','2022-04-06 03:16:16'),
(1222,'Apakah anda biasanya merasa sehat dan kuat?',54,2,'Ya','Tidak','-','-','-','1',1,1,1,'2022-04-06 03:16:16','2022-04-06 03:16:16'),
(1223,'Apakah anda biasanya merasa sehat dan kuat?',54,2,'Ya','Tidak','-','-','-','1',1,1,1,'2022-04-06 03:16:16','2022-04-06 03:16:16'),
(1224,'Apakah anda biasanya merasa sehat dan kuat?',54,2,'Ya','Tidak','-','-','-','1',1,1,1,'2022-04-06 03:16:16','2022-04-06 03:16:16'),
(1225,'Apakah anda biasanya merasa sehat dan kuat?',54,2,'Ya','Tidak','-','-','-','1',1,1,1,'2022-04-06 03:16:16','2022-04-06 03:16:16'),
(1226,'Apakah anda biasanya merasa sehat dan kuat?',54,2,'Ya','Tidak','-','-','-','1',1,1,1,'2022-04-06 03:16:16','2022-04-06 03:16:16'),
(1227,'Apakah anda biasanya merasa sehat dan kuat?',54,2,'Ya','Tidak','-','-','-','1',1,1,1,'2022-04-06 03:16:16','2022-04-06 03:16:16'),
(1228,'Apakah anda biasanya merasa sehat dan kuat?',54,2,'Ya','Tidak','-','-','-','1',1,1,1,'2022-04-06 03:16:16','2022-04-06 03:16:16'),
(1229,'Apakah anda biasanya merasa sehat dan kuat?',54,2,'Ya','Tidak','-','-','-','1',1,1,1,'2022-04-06 03:16:16','2022-04-06 03:16:16'),
(1230,'Apakah anda biasanya merasa sehat dan kuat?',54,2,'Ya','Tidak','-','-','-','1',1,1,1,'2022-04-06 03:16:16','2022-04-06 03:16:16'),
(1231,'Apakah anda biasanya merasa sehat dan kuat?',54,2,'Ya','Tidak','-','-','-','1',1,1,1,'2022-04-06 03:16:16','2022-04-06 03:16:16'),
(1232,'Apakah anda biasanya merasa sehat dan kuat?',54,2,'Ya','Tidak','-','-','-','1',1,1,1,'2022-04-06 03:16:16','2022-04-06 03:16:16'),
(1233,'Apakah anda biasanya merasa sehat dan kuat?',54,2,'Ya','Tidak','-','-','-','1',1,1,1,'2022-04-06 03:16:16','2022-04-06 03:16:16'),
(1234,'Apakah anda biasanya merasa sehat dan kuat?',54,2,'Ya','Tidak','-','-','-','1',1,1,1,'2022-04-06 03:16:16','2022-04-06 03:16:16'),
(1235,'Apakah anda biasanya merasa sehat dan kuat?',54,2,'Ya','Tidak','-','-','-','1',1,1,1,'2022-04-06 03:16:16','2022-04-06 03:16:16'),
(1236,'Apakah anda biasanya merasa sehat dan kuat?',54,2,'Ya','Tidak','-','-','-','1',1,1,1,'2022-04-06 03:16:16','2022-04-06 03:16:16'),
(1237,'Apakah anda biasanya merasa sehat dan kuat?',54,2,'Ya','Tidak','-','-','-','1',1,1,1,'2022-04-06 03:16:16','2022-04-06 03:16:16'),
(1238,'Apakah anda biasanya merasa sehat dan kuat?',54,2,'Ya','Tidak','-','-','-','1',1,1,1,'2022-04-06 03:16:16','2022-04-06 03:16:16'),
(1239,'Apakah anda biasanya merasa sehat dan kuat?',54,2,'Ya','Tidak','-','-','-','1',1,1,1,'2022-04-06 03:16:16','2022-04-06 03:16:16'),
(1240,'Apakah anda biasanya merasa sehat dan kuat?',54,2,'Ya','Tidak','-','-','-','1',1,1,1,'2022-04-06 03:16:16','2022-04-06 03:16:16'),
(1241,'Apakah anda biasanya merasa sehat dan kuat?',54,2,'Ya','Tidak','-','-','-','0',1,1,1,'2022-04-06 03:16:16','2022-04-06 03:16:16'),
(1244,'Aku sering dapat mempengaruhi orang lain untuk mengerjakan apa yang aku inginkan',55,2,'+','-','-','-','-','1',1,1,1,'2022-04-06 17:23:15','2022-04-06 17:23:15'),
(1245,'Aku sering dapat mempengaruhi orang lain untuk mengerjakan apa yang aku inginkan',55,2,'+','-','-','-','-','0',1,1,1,'2022-04-06 17:23:15','2022-04-06 17:23:15'),
(1246,'Aku sering dapat mempengaruhi orang lain untuk mengerjakan apa yang aku inginkan',55,2,'+','-','-','-','-','0',1,1,1,'2022-04-06 17:23:15','2022-04-06 17:23:15'),
(1247,'Aku sering dapat mempengaruhi orang lain untuk mengerjakan apa yang aku inginkan',55,2,'+','-','-','-','-','0',1,1,1,'2022-04-06 17:23:15','2022-04-06 17:23:15'),
(1248,'Aku sering dapat mempengaruhi orang lain untuk mengerjakan apa yang aku inginkan',55,2,'+','-','-','-','-','0',1,1,1,'2022-04-06 17:23:15','2022-04-06 17:23:15'),
(1249,'Aku sering dapat mempengaruhi orang lain untuk mengerjakan apa yang aku inginkan',55,2,'+','-','-','-','-','1',1,1,1,'2022-04-06 17:23:15','2022-04-06 17:23:15'),
(1250,'Aku sering dapat mempengaruhi orang lain untuk mengerjakan apa yang aku inginkan',55,2,'+','-','-','-','-','0',1,1,1,'2022-04-06 17:23:15','2022-04-06 17:23:15'),
(1251,'Aku sering dapat mempengaruhi orang lain untuk mengerjakan apa yang aku inginkan',55,2,'+','-','-','-','-','1',1,1,1,'2022-04-06 17:23:15','2022-04-06 17:23:15'),
(1252,'Aku sering dapat mempengaruhi orang lain untuk mengerjakan apa yang aku inginkan',55,2,'+','-','-','-','-','0',1,1,1,'2022-04-06 17:23:15','2022-04-06 17:23:15'),
(1253,'Aku sering dapat mempengaruhi orang lain untuk mengerjakan apa yang aku inginkan',55,2,'+','-','-','-','-','0',1,1,1,'2022-04-06 17:23:15','2022-04-06 17:23:15'),
(1254,'Aku sering dapat mempengaruhi orang lain untuk mengerjakan apa yang aku inginkan',55,2,'+','-','-','-','-','1',1,1,1,'2022-04-06 17:23:15','2022-04-06 17:23:15'),
(1255,'Aku sering dapat mempengaruhi orang lain untuk mengerjakan apa yang aku inginkan',55,2,'+','-','-','-','-','1',1,1,1,'2022-04-06 17:23:15','2022-04-06 17:23:15'),
(1256,'Aku sering dapat mempengaruhi orang lain untuk mengerjakan apa yang aku inginkan',55,2,'+','-','-','-','-','0',1,1,1,'2022-04-06 17:23:15','2022-04-06 17:23:15'),
(1257,'Aku sering dapat mempengaruhi orang lain untuk mengerjakan apa yang aku inginkan',55,2,'+','-','-','-','-','1',1,1,1,'2022-04-06 17:23:15','2022-04-06 17:23:15'),
(1258,'Aku sering dapat mempengaruhi orang lain untuk mengerjakan apa yang aku inginkan',55,2,'+','-','-','-','-','0',1,1,1,'2022-04-06 17:23:15','2022-04-06 17:23:15'),
(1259,'Aku sering dapat mempengaruhi orang lain untuk mengerjakan apa yang aku inginkan',55,2,'+','-','-','-','-','1',1,1,1,'2022-04-06 17:23:15','2022-04-06 17:23:15'),
(1260,'Aku sering dapat mempengaruhi orang lain untuk mengerjakan apa yang aku inginkan',55,2,'+','-','-','-','-','0',1,1,1,'2022-04-06 17:23:15','2022-04-06 17:23:15'),
(1261,'Aku sering dapat mempengaruhi orang lain untuk mengerjakan apa yang aku inginkan',55,2,'+','-','-','-','-','0',1,1,1,'2022-04-06 17:23:15','2022-04-06 17:23:15'),
(1262,'Aku sering dapat mempengaruhi orang lain untuk mengerjakan apa yang aku inginkan',55,2,'+','-','-','-','-','0',1,1,1,'2022-04-06 17:23:15','2022-04-06 17:23:15'),
(1263,'Aku sering dapat mempengaruhi orang lain untuk mengerjakan apa yang aku inginkan',55,2,'+','-','-','-','-','0',1,1,1,'2022-04-06 17:23:15','2022-04-06 17:23:15'),
(1264,'Aku sering dapat mempengaruhi orang lain untuk mengerjakan apa yang aku inginkan',55,2,'+','-','-','-','-','0',1,1,1,'2022-04-06 17:23:15','2022-04-06 17:23:15'),
(1265,'Aku sering dapat mempengaruhi orang lain untuk mengerjakan apa yang aku inginkan',55,2,'+','-','-','-','-','0',1,1,1,'2022-04-06 17:23:15','2022-04-06 17:23:15'),
(1266,'Aku sering dapat mempengaruhi orang lain untuk mengerjakan apa yang aku inginkan',55,2,'+','-','-','-','-','1',1,1,1,'2022-04-06 17:23:15','2022-04-06 17:23:15'),
(1267,'Aku sering dapat mempengaruhi orang lain untuk mengerjakan apa yang aku inginkan',55,2,'+','-','-','-','-','1',1,1,1,'2022-04-06 17:23:15','2022-04-06 17:23:15'),
(1268,'Aku sering dapat mempengaruhi orang lain untuk mengerjakan apa yang aku inginkan',55,2,'+','-','-','-','-','1',1,1,1,'2022-04-06 17:23:15','2022-04-06 17:23:15'),
(1269,'Aku sering dapat mempengaruhi orang lain untuk mengerjakan apa yang aku inginkan',55,2,'+','-','-','-','-','1',1,1,1,'2022-04-06 17:23:15','2022-04-06 17:23:15'),
(1270,'Aku sering dapat mempengaruhi orang lain untuk mengerjakan apa yang aku inginkan',55,2,'+','-','-','-','-','1',1,1,1,'2022-04-06 17:23:15','2022-04-06 17:23:15'),
(1271,'Aku sering dapat mempengaruhi orang lain untuk mengerjakan apa yang aku inginkan',55,2,'+','-','-','-','-','1',1,1,1,'2022-04-06 17:23:15','2022-04-06 17:23:15'),
(1272,'Aku sering dapat mempengaruhi orang lain untuk mengerjakan apa yang aku inginkan',55,2,'+','-','-','-','-','1',1,1,1,'2022-04-06 17:23:15','2022-04-06 17:23:15'),
(1273,'Aku sering dapat mempengaruhi orang lain untuk mengerjakan apa yang aku inginkan',55,2,'+','-','-','-','-','1',1,1,1,'2022-04-06 17:23:15','2022-04-06 17:23:15'),
(1274,'Aku sering dapat mempengaruhi orang lain untuk mengerjakan apa yang aku inginkan',55,2,'+','-','-','-','-','1',1,1,1,'2022-04-06 17:23:15','2022-04-06 17:23:15'),
(1275,'Aku sering dapat mempengaruhi orang lain untuk mengerjakan apa yang aku inginkan',55,2,'+','-','-','-','-','1',1,1,1,'2022-04-06 17:23:15','2022-04-06 17:23:15'),
(1276,'Aku sering dapat mempengaruhi orang lain untuk mengerjakan apa yang aku inginkan',55,2,'+','-','-','-','-','1',1,1,1,'2022-04-06 17:23:15','2022-04-06 17:23:15'),
(1277,'Aku sering dapat mempengaruhi orang lain untuk mengerjakan apa yang aku inginkan',55,2,'+','-','-','-','-','1',1,1,1,'2022-04-06 17:23:15','2022-04-06 17:23:15'),
(1278,'Aku sering dapat mempengaruhi orang lain untuk mengerjakan apa yang aku inginkan',55,2,'+','-','-','-','-','1',1,1,1,'2022-04-06 17:23:15','2022-04-06 17:23:15'),
(1279,'Aku sering dapat mempengaruhi orang lain untuk mengerjakan apa yang aku inginkan',55,2,'+','-','-','-','-','1',1,1,1,'2022-04-06 17:23:15','2022-04-06 17:23:15'),
(1280,'Aku sering dapat mempengaruhi orang lain untuk mengerjakan apa yang aku inginkan',55,2,'+','-','-','-','-','1',1,1,1,'2022-04-06 17:23:15','2022-04-06 17:23:15'),
(1281,'Aku sering dapat mempengaruhi orang lain untuk mengerjakan apa yang aku inginkan',55,2,'+','-','-','-','-','1',1,1,1,'2022-04-06 17:23:15','2022-04-06 17:23:15'),
(1282,'Aku sering dapat mempengaruhi orang lain untuk mengerjakan apa yang aku inginkan',55,2,'+','-','-','-','-','0',1,1,1,'2022-04-06 17:23:15','2022-04-06 17:23:15'),
(1283,'Aku sering dapat mempengaruhi orang lain untuk mengerjakan apa yang aku inginkan',55,2,'+','-','-','-','-','0',1,1,1,'2022-04-06 17:23:15','2022-04-06 17:23:15'),
(1284,'Aku sering dapat mempengaruhi orang lain untuk mengerjakan apa yang aku inginkan',55,2,'+','-','-','-','-','0',1,1,1,'2022-04-06 17:23:15','2022-04-06 17:23:15'),
(1285,'Aku sering dapat mempengaruhi orang lain untuk mengerjakan apa yang aku inginkan',55,2,'+','-','-','-','-','0',1,1,1,'2022-04-06 17:23:15','2022-04-06 17:23:15'),
(1286,'Aku sering dapat mempengaruhi orang lain untuk mengerjakan apa yang aku inginkan',55,2,'+','-','-','-','-','0',1,1,1,'2022-04-06 17:23:15','2022-04-06 17:23:15'),
(1287,'Aku sering dapat mempengaruhi orang lain untuk mengerjakan apa yang aku inginkan',55,2,'+','-','-','-','-','0',1,1,1,'2022-04-06 17:23:15','2022-04-06 17:23:15'),
(1288,'Aku sering dapat mempengaruhi orang lain untuk mengerjakan apa yang aku inginkan',55,2,'+','-','-','-','-','1',1,1,1,'2022-04-06 17:23:15','2022-04-06 17:23:15'),
(1289,'Aku sering dapat mempengaruhi orang lain untuk mengerjakan apa yang aku inginkan',55,2,'+','-','-','-','-','0',1,1,1,'2022-04-06 17:23:15','2022-04-06 17:23:15'),
(1290,'Aku sering dapat mempengaruhi orang lain untuk mengerjakan apa yang aku inginkan',55,2,'+','-','-','-','-','1',1,1,1,'2022-04-06 17:23:15','2022-04-06 17:23:15'),
(1291,'Aku sering dapat mempengaruhi orang lain untuk mengerjakan apa yang aku inginkan',55,2,'+','-','-','-','-','0',1,1,1,'2022-04-06 17:23:15','2022-04-06 17:23:15'),
(1292,'Aku sering dapat mempengaruhi orang lain untuk mengerjakan apa yang aku inginkan',55,2,'+','-','-','-','-','1',1,1,1,'2022-04-06 17:23:15','2022-04-06 17:23:15'),
(1293,'Aku sering dapat mempengaruhi orang lain untuk mengerjakan apa yang aku inginkan',55,2,'+','-','-','-','-','0',1,1,1,'2022-04-06 17:23:15','2022-04-06 17:23:15'),
(1294,'Aku sering dapat mempengaruhi orang lain untuk mengerjakan apa yang aku inginkan',55,2,'+','-','-','-','-','0',1,1,1,'2022-04-06 17:23:15','2022-04-06 17:23:15'),
(1295,'Aku sering dapat mempengaruhi orang lain untuk mengerjakan apa yang aku inginkan',55,2,'+','-','-','-','-','0',1,1,1,'2022-04-06 17:23:15','2022-04-06 17:23:15'),
(1296,'Aku sering dapat mempengaruhi orang lain untuk mengerjakan apa yang aku inginkan',55,2,'+','-','-','-','-','0',1,1,1,'2022-04-06 17:23:15','2022-04-06 17:23:15'),
(1297,'Aku sering dapat mempengaruhi orang lain untuk mengerjakan apa yang aku inginkan',55,2,'+','-','-','-','-','0',1,1,1,'2022-04-06 17:23:15','2022-04-06 17:23:15'),
(1298,'Aku sering dapat mempengaruhi orang lain untuk mengerjakan apa yang aku inginkan',55,2,'+','-','-','-','-','0',1,1,1,'2022-04-06 17:23:15','2022-04-06 17:23:15'),
(1299,'Aku sering dapat mempengaruhi orang lain untuk mengerjakan apa yang aku inginkan',55,2,'+','-','-','-','-','0',1,1,1,'2022-04-06 17:23:15','2022-04-06 17:23:15'),
(1300,'Aku sering dapat mempengaruhi orang lain untuk mengerjakan apa yang aku inginkan',55,2,'+','-','-','-','-','0',1,1,1,'2022-04-06 17:23:15','2022-04-06 17:23:15'),
(1301,'Aku sering dapat mempengaruhi orang lain untuk mengerjakan apa yang aku inginkan',55,2,'+','-','-','-','-','0',1,1,1,'2022-04-06 17:23:15','2022-04-06 17:23:15'),
(1302,'Aku sering dapat mempengaruhi orang lain untuk mengerjakan apa yang aku inginkan',55,2,'+','-','-','-','-','1',1,1,1,'2022-04-06 17:23:15','2022-04-06 17:23:15'),
(1303,'Aku sering dapat mempengaruhi orang lain untuk mengerjakan apa yang aku inginkan',55,2,'+','-','-','-','-','1',1,1,1,'2022-04-06 17:23:15','2022-04-06 17:23:15'),
(1304,'Aku sering dapat mempengaruhi orang lain untuk mengerjakan apa yang aku inginkan',55,2,'+','-','-','-','-','0',1,1,1,'2022-04-06 17:23:15','2022-04-06 17:23:15'),
(1305,'Aku sering dapat mempengaruhi orang lain untuk mengerjakan apa yang aku inginkan',55,2,'+','-','-','-','-','0',1,1,1,'2022-04-06 17:23:15','2022-04-06 17:23:15'),
(1306,'Aku sering dapat mempengaruhi orang lain untuk mengerjakan apa yang aku inginkan',55,2,'+','-','-','-','-','0',1,1,1,'2022-04-06 17:23:15','2022-04-06 17:23:15'),
(1307,'Aku sering dapat mempengaruhi orang lain untuk mengerjakan apa yang aku inginkan',55,2,'+','-','-','-','-','0',1,1,1,'2022-04-06 17:23:15','2022-04-06 17:23:15'),
(1308,'Aku sering dapat mempengaruhi orang lain untuk mengerjakan apa yang aku inginkan',55,2,'+','-','-','-','-','1',1,1,1,'2022-04-06 17:23:15','2022-04-06 17:23:15'),
(1309,'Aku sering dapat mempengaruhi orang lain untuk mengerjakan apa yang aku inginkan',55,2,'+','-','-','-','-','0',1,1,1,'2022-04-06 17:23:15','2022-04-06 17:23:15'),
(1310,'Aku sering dapat mempengaruhi orang lain untuk mengerjakan apa yang aku inginkan',55,2,'+','-','-','-','-','1',1,1,1,'2022-04-06 17:23:15','2022-04-06 17:23:15'),
(1311,'Aku sering dapat mempengaruhi orang lain untuk mengerjakan apa yang aku inginkan',55,2,'+','-','-','-','-','0',1,1,1,'2022-04-06 17:23:15','2022-04-06 17:23:15'),
(1312,'Aku sering dapat mempengaruhi orang lain untuk mengerjakan apa yang aku inginkan',55,2,'+','-','-','-','-','1',1,1,1,'2022-04-06 17:23:15','2022-04-06 17:23:15'),
(1313,'Aku sering dapat mempengaruhi orang lain untuk mengerjakan apa yang aku inginkan',55,2,'+','-','-','-','-','0',1,1,1,'2022-04-06 17:23:15','2022-04-06 17:23:15'),
(1314,'Aku sering dapat mempengaruhi orang lain untuk mengerjakan apa yang aku inginkan',55,2,'+','-','-','-','-','1',1,1,1,'2022-04-06 17:23:15','2022-04-06 17:23:15'),
(1315,'Aku sering dapat mempengaruhi orang lain untuk mengerjakan apa yang aku inginkan',55,2,'+','-','-','-','-','0',1,1,1,'2022-04-06 17:23:15','2022-04-06 17:23:15'),
(1316,'Aku sering dapat mempengaruhi orang lain untuk mengerjakan apa yang aku inginkan',55,2,'+','-','-','-','-','1',1,1,1,'2022-04-06 17:23:15','2022-04-06 17:23:15'),
(1317,'Aku sering dapat mempengaruhi orang lain untuk mengerjakan apa yang aku inginkan',55,2,'+','-','-','-','-','1',1,1,1,'2022-04-06 17:23:15','2022-04-06 17:23:15'),
(1318,'Aku sering dapat mempengaruhi orang lain untuk mengerjakan apa yang aku inginkan',55,2,'+','-','-','-','-','1',1,1,1,'2022-04-06 17:23:15','2022-04-06 17:23:15'),
(1319,'Aku sering dapat mempengaruhi orang lain untuk mengerjakan apa yang aku inginkan',55,2,'+','-','-','-','-','0',1,1,1,'2022-04-06 17:23:15','2022-04-06 17:23:15'),
(1320,'Aku sering dapat mempengaruhi orang lain untuk mengerjakan apa yang aku inginkan',55,2,'+','-','-','-','-','0',1,1,1,'2022-04-06 17:23:15','2022-04-06 17:23:15'),
(1321,'Aku sering dapat mempengaruhi orang lain untuk mengerjakan apa yang aku inginkan',55,2,'+','-','-','-','-','0',1,1,1,'2022-04-06 17:23:15','2022-04-06 17:23:15'),
(1322,'Aku sering dapat mempengaruhi orang lain untuk mengerjakan apa yang aku inginkan',55,2,'+','-','-','-','-','1',1,1,1,'2022-04-06 17:23:15','2022-04-06 17:23:15'),
(1323,'Aku sering dapat mempengaruhi orang lain untuk mengerjakan apa yang aku inginkan',55,2,'+','-','-','-','-','1',1,1,1,'2022-04-06 17:23:15','2022-04-06 17:23:15'),
(1324,'Aku sering dapat mempengaruhi orang lain untuk mengerjakan apa yang aku inginkan',55,2,'+','-','-','-','-','0',1,1,1,'2022-04-06 17:23:15','2022-04-06 17:23:15'),
(1325,'Aku sering dapat mempengaruhi orang lain untuk mengerjakan apa yang aku inginkan',55,2,'+','-','-','-','-','0',1,1,1,'2022-04-06 17:23:15','2022-04-06 17:23:15'),
(1326,'Aku sering dapat mempengaruhi orang lain untuk mengerjakan apa yang aku inginkan',55,2,'+','-','-','-','-','0',1,1,1,'2022-04-06 17:23:15','2022-04-06 17:23:15'),
(1327,'Aku sering dapat mempengaruhi orang lain untuk mengerjakan apa yang aku inginkan',55,2,'+','-','-','-','-','1',1,1,1,'2022-04-06 17:23:15','2022-04-06 17:23:15'),
(1328,'Aku sering dapat mempengaruhi orang lain untuk mengerjakan apa yang aku inginkan',55,2,'+','-','-','-','-','0',1,1,1,'2022-04-06 17:23:15','2022-04-06 17:23:15'),
(1329,'Aku sering dapat mempengaruhi orang lain untuk mengerjakan apa yang aku inginkan',55,2,'+','-','-','-','-','0',1,1,1,'2022-04-06 17:23:15','2022-04-06 17:23:15'),
(1330,'Aku sering dapat mempengaruhi orang lain untuk mengerjakan apa yang aku inginkan',55,2,'+','-','-','-','-','0',1,1,1,'2022-04-06 17:23:15','2022-04-06 17:23:15'),
(1331,'Aku sering dapat mempengaruhi orang lain untuk mengerjakan apa yang aku inginkan',55,2,'+','-','-','-','-','1',1,1,1,'2022-04-06 17:23:15','2022-04-06 17:23:15'),
(1332,'Aku sering dapat mempengaruhi orang lain untuk mengerjakan apa yang aku inginkan',55,2,'+','-','-','-','-','0',1,1,1,'2022-04-06 17:23:15','2022-04-06 17:23:15'),
(1333,'Aku sering dapat mempengaruhi orang lain untuk mengerjakan apa yang aku inginkan',55,2,'+','-','-','-','-','1',1,1,1,'2022-04-06 17:23:15','2022-04-06 17:23:15'),
(1334,'Aku sering dapat mempengaruhi orang lain untuk mengerjakan apa yang aku inginkan',55,2,'+','-','-','-','-','1',1,1,1,'2022-04-06 17:23:15','2022-04-06 17:23:15'),
(1335,'Aku sering dapat mempengaruhi orang lain untuk mengerjakan apa yang aku inginkan',55,2,'+','-','-','-','-','1',1,1,1,'2022-04-06 17:23:15','2022-04-06 17:23:15'),
(1336,'Aku sering dapat mempengaruhi orang lain untuk mengerjakan apa yang aku inginkan',55,2,'+','-','-','-','-','1',1,1,1,'2022-04-06 17:23:15','2022-04-06 17:23:15'),
(1337,'Aku sering dapat mempengaruhi orang lain untuk mengerjakan apa yang aku inginkan',55,2,'+','-','-','-','-','1',1,1,1,'2022-04-06 17:23:15','2022-04-06 17:23:15'),
(1338,'Aku sering dapat mempengaruhi orang lain untuk mengerjakan apa yang aku inginkan',55,2,'+','-','-','-','-','1',1,1,1,'2022-04-06 17:23:15','2022-04-06 17:23:15'),
(1339,'Aku sering dapat mempengaruhi orang lain untuk mengerjakan apa yang aku inginkan',55,2,'+','-','-','-','-','0',1,1,1,'2022-04-06 17:23:15','2022-04-06 17:23:15'),
(1340,'Aku sering dapat mempengaruhi orang lain untuk mengerjakan apa yang aku inginkan',55,2,'+','-','-','-','-','1',1,1,1,'2022-04-06 17:23:15','2022-04-06 17:23:15'),
(1341,'Aku sering dapat mempengaruhi orang lain untuk mengerjakan apa yang aku inginkan',55,2,'+','-','-','-','-','1',1,1,1,'2022-04-06 17:23:15','2022-04-06 17:23:15'),
(1342,'Aku sering dapat mempengaruhi orang lain untuk mengerjakan apa yang aku inginkan',55,2,'+','-','-','-','-','1',1,1,1,'2022-04-06 17:23:15','2022-04-06 17:23:15'),
(1343,'Aku sering dapat mempengaruhi orang lain untuk mengerjakan apa yang aku inginkan',55,2,'+','-','-','-','-','1',1,1,1,'2022-04-06 17:23:15','2022-04-06 17:23:15'),
(1344,'Aku sering dapat mempengaruhi orang lain untuk mengerjakan apa yang aku inginkan',55,2,'+','-','-','-','-','0',1,1,1,'2022-04-06 17:23:15','2022-04-06 17:23:15'),
(1345,'Aku sering dapat mempengaruhi orang lain untuk mengerjakan apa yang aku inginkan',55,2,'+','-','-','-','-','0',1,1,1,'2022-04-06 17:23:15','2022-04-06 17:23:15'),
(1346,'Aku sering dapat mempengaruhi orang lain untuk mengerjakan apa yang aku inginkan',55,2,'+','-','-','-','-','1',1,1,1,'2022-04-06 17:23:15','2022-04-06 17:23:15'),
(1347,'Aku sering dapat mempengaruhi orang lain untuk mengerjakan apa yang aku inginkan',55,2,'+','-','-','-','-','0',1,1,1,'2022-04-06 17:23:15','2022-04-06 17:23:15'),
(1348,'Aku sering dapat mempengaruhi orang lain untuk mengerjakan apa yang aku inginkan',55,2,'+','-','-','-','-','1',1,1,1,'2022-04-06 17:23:15','2022-04-06 17:23:15'),
(1349,'Aku sering dapat mempengaruhi orang lain untuk mengerjakan apa yang aku inginkan',55,2,'+','-','-','-','-','1',1,1,1,'2022-04-06 17:23:15','2022-04-06 17:23:15'),
(1350,'Aku sering dapat mempengaruhi orang lain untuk mengerjakan apa yang aku inginkan',55,2,'+','-','-','-','-','0',1,1,1,'2022-04-06 17:23:15','2022-04-06 17:23:15'),
(1351,'Aku sering dapat mempengaruhi orang lain untuk mengerjakan apa yang aku inginkan',55,2,'+','-','-','-','-','1',1,1,1,'2022-04-06 17:23:15','2022-04-06 17:23:15'),
(1352,'Aku sering dapat mempengaruhi orang lain untuk mengerjakan apa yang aku inginkan',55,2,'+','-','-','-','-','1',1,1,1,'2022-04-06 17:23:15','2022-04-06 17:23:15'),
(1353,'Aku sering dapat mempengaruhi orang lain untuk mengerjakan apa yang aku inginkan',55,2,'+','-','-','-','-','1',1,1,1,'2022-04-06 17:23:15','2022-04-06 17:23:15'),
(1354,'Aku sering dapat mempengaruhi orang lain untuk mengerjakan apa yang aku inginkan',55,2,'+','-','-','-','-','1',1,1,1,'2022-04-06 17:23:15','2022-04-06 17:23:15'),
(1355,'Aku sering dapat mempengaruhi orang lain untuk mengerjakan apa yang aku inginkan',55,2,'+','-','-','-','-','0',1,1,1,'2022-04-06 17:23:15','2022-04-06 17:23:15'),
(1356,'Aku sering dapat mempengaruhi orang lain untuk mengerjakan apa yang aku inginkan',55,2,'+','-','-','-','-','0',1,1,1,'2022-04-06 17:23:15','2022-04-06 17:23:15'),
(1357,'Aku sering dapat mempengaruhi orang lain untuk mengerjakan apa yang aku inginkan',55,2,'+','-','-','-','-','1',1,1,1,'2022-04-06 17:23:15','2022-04-06 17:23:15'),
(1358,'Aku sering dapat mempengaruhi orang lain untuk mengerjakan apa yang aku inginkan',55,2,'+','-','-','-','-','0',1,1,1,'2022-04-06 17:23:15','2022-04-06 17:23:15'),
(1359,'Aku sering dapat mempengaruhi orang lain untuk mengerjakan apa yang aku inginkan',55,2,'+','-','-','-','-','0',1,1,1,'2022-04-06 17:23:15','2022-04-06 17:23:15'),
(1360,'Aku sering dapat mempengaruhi orang lain untuk mengerjakan apa yang aku inginkan',55,2,'+','-','-','-','-','0',1,1,1,'2022-04-06 17:23:15','2022-04-06 17:23:15'),
(1361,'Aku sering dapat mempengaruhi orang lain untuk mengerjakan apa yang aku inginkan',55,2,'+','-','-','-','-','0',1,1,1,'2022-04-06 17:23:15','2022-04-06 17:23:15'),
(1362,'Aku sering dapat mempengaruhi orang lain untuk mengerjakan apa yang aku inginkan',55,2,'+','-','-','-','-','0',1,1,1,'2022-04-06 17:23:15','2022-04-06 17:23:15'),
(1363,'Aku sering dapat mempengaruhi orang lain untuk mengerjakan apa yang aku inginkan',55,2,'+','-','-','-','-','0',1,1,1,'2022-04-06 17:23:15','2022-04-06 17:23:15'),
(1364,'Aku sering dapat mempengaruhi orang lain untuk mengerjakan apa yang aku inginkan',55,2,'+','-','-','-','-','0',1,1,1,'2022-04-06 17:23:15','2022-04-06 17:23:15'),
(1365,'Aku sering dapat mempengaruhi orang lain untuk mengerjakan apa yang aku inginkan',55,2,'+','-','-','-','-','1',1,1,1,'2022-04-06 17:23:15','2022-04-06 17:23:15'),
(1366,'Aku sering dapat mempengaruhi orang lain untuk mengerjakan apa yang aku inginkan',55,2,'+','-','-','-','-','1',1,1,1,'2022-04-06 17:23:15','2022-04-06 17:23:15'),
(1367,'Aku sering dapat mempengaruhi orang lain untuk mengerjakan apa yang aku inginkan',55,2,'+','-','-','-','-','0',1,1,1,'2022-04-06 17:23:15','2022-04-06 17:23:15'),
(1368,'Aku sering dapat mempengaruhi orang lain untuk mengerjakan apa yang aku inginkan',55,2,'+','-','-','-','-','0',1,1,1,'2022-04-06 17:23:15','2022-04-06 17:23:15'),
(1369,'Aku sering dapat mempengaruhi orang lain untuk mengerjakan apa yang aku inginkan',55,2,'+','-','-','-','-','0',1,1,1,'2022-04-06 17:23:15','2022-04-06 17:23:15'),
(1370,'Aku sering dapat mempengaruhi orang lain untuk mengerjakan apa yang aku inginkan',55,2,'+','-','-','-','-','0',1,1,1,'2022-04-06 17:23:15','2022-04-06 17:23:15'),
(1371,'Aku sering dapat mempengaruhi orang lain untuk mengerjakan apa yang aku inginkan',55,2,'+','-','-','-','-','0',1,1,1,'2022-04-06 17:23:15','2022-04-06 17:23:15'),
(1372,'Aku sering dapat mempengaruhi orang lain untuk mengerjakan apa yang aku inginkan',55,2,'+','-','-','-','-','0',1,1,1,'2022-04-06 17:23:15','2022-04-06 17:23:15'),
(1373,'Aku sering dapat mempengaruhi orang lain untuk mengerjakan apa yang aku inginkan',55,2,'+','-','-','-','-','0',1,1,1,'2022-04-06 17:23:15','2022-04-06 17:23:15'),
(1374,'Aku sering dapat mempengaruhi orang lain untuk mengerjakan apa yang aku inginkan',55,2,'+','-','-','-','-','0',1,1,1,'2022-04-06 17:23:15','2022-04-06 17:23:15'),
(1375,'Aku sering dapat mempengaruhi orang lain untuk mengerjakan apa yang aku inginkan',55,2,'+','-','-','-','-','1',1,1,1,'2022-04-06 17:23:15','2022-04-06 17:23:15'),
(1376,'Aku sering dapat mempengaruhi orang lain untuk mengerjakan apa yang aku inginkan',55,2,'+','-','-','-','-','0',1,1,1,'2022-04-06 17:23:15','2022-04-06 17:23:15'),
(1377,'Aku sering dapat mempengaruhi orang lain untuk mengerjakan apa yang aku inginkan',55,2,'+','-','-','-','-','0',1,1,1,'2022-04-06 17:23:15','2022-04-06 17:23:15'),
(1378,'Aku sering dapat mempengaruhi orang lain untuk mengerjakan apa yang aku inginkan',55,2,'+','-','-','-','-','1',1,1,1,'2022-04-06 17:23:15','2022-04-06 17:23:15'),
(1379,'Aku sering dapat mempengaruhi orang lain untuk mengerjakan apa yang aku inginkan',55,2,'+','-','-','-','-','0',1,1,1,'2022-04-06 17:23:15','2022-04-06 17:23:15'),
(1380,'Aku sering dapat mempengaruhi orang lain untuk mengerjakan apa yang aku inginkan',55,2,'+','-','-','-','-','0',1,1,1,'2022-04-06 17:23:15','2022-04-06 17:23:15'),
(1381,'Aku sering dapat mempengaruhi orang lain untuk mengerjakan apa yang aku inginkan',55,2,'+','-','-','-','-','1',1,1,1,'2022-04-06 17:23:15','2022-04-06 17:23:15'),
(1382,'Aku sering dapat mempengaruhi orang lain untuk mengerjakan apa yang aku inginkan',55,2,'+','-','-','-','-','0',1,1,1,'2022-04-06 17:23:15','2022-04-06 17:23:15'),
(1383,'Aku sering dapat mempengaruhi orang lain untuk mengerjakan apa yang aku inginkan',55,2,'+','-','-','-','-','0',1,1,1,'2022-04-06 17:23:15','2022-04-06 17:23:15'),
(1384,'Aku sering dapat mempengaruhi orang lain untuk mengerjakan apa yang aku inginkan',55,2,'+','-','-','-','-','1',1,1,1,'2022-04-06 17:23:15','2022-04-06 17:23:15'),
(1385,'Aku sering dapat mempengaruhi orang lain untuk mengerjakan apa yang aku inginkan',55,2,'+','-','-','-','-','0',1,1,1,'2022-04-06 17:23:15','2022-04-06 17:23:15'),
(1386,'Aku sering dapat mempengaruhi orang lain untuk mengerjakan apa yang aku inginkan',55,2,'+','-','-','-','-','1',1,1,1,'2022-04-06 17:23:15','2022-04-06 17:23:15'),
(1387,'Aku sering dapat mempengaruhi orang lain untuk mengerjakan apa yang aku inginkan',55,2,'+','-','-','-','-','0',1,1,1,'2022-04-06 17:23:15','2022-04-06 17:23:15'),
(1388,'Aku sering dapat mempengaruhi orang lain untuk mengerjakan apa yang aku inginkan',55,2,'+','-','-','-','-','0',1,1,1,'2022-04-06 17:23:15','2022-04-06 17:23:15'),
(1389,'Aku sering dapat mempengaruhi orang lain untuk mengerjakan apa yang aku inginkan',55,2,'+','-','-','-','-','1',1,1,1,'2022-04-06 17:23:15','2022-04-06 17:23:15'),
(1390,'Aku sering dapat mempengaruhi orang lain untuk mengerjakan apa yang aku inginkan',55,2,'+','-','-','-','-','0',1,1,1,'2022-04-06 17:23:15','2022-04-06 17:23:15'),
(1391,'Aku sering dapat mempengaruhi orang lain untuk mengerjakan apa yang aku inginkan',55,2,'+','-','-','-','-','0',1,1,1,'2022-04-06 17:23:15','2022-04-06 17:23:15'),
(1392,'Aku sering dapat mempengaruhi orang lain untuk mengerjakan apa yang aku inginkan',55,2,'+','-','-','-','-','1',1,1,1,'2022-04-06 17:23:15','2022-04-06 17:23:15'),
(1393,'Aku sering dapat mempengaruhi orang lain untuk mengerjakan apa yang aku inginkan',55,2,'+','-','-','-','-','0',1,1,1,'2022-04-06 17:23:15','2022-04-06 17:23:15'),
(1394,'Aku sering dapat mempengaruhi orang lain untuk mengerjakan apa yang aku inginkan',55,2,'+','-','-','-','-','0',1,1,1,'2022-04-06 17:23:15','2022-04-06 17:23:15'),
(1395,'Aku sering dapat mempengaruhi orang lain untuk mengerjakan apa yang aku inginkan',55,2,'+','-','-','-','-','0',1,1,1,'2022-04-06 17:23:15','2022-04-06 17:23:15'),
(1396,'Aku sering dapat mempengaruhi orang lain untuk mengerjakan apa yang aku inginkan',55,2,'+','-','-','-','-','0',1,1,1,'2022-04-06 17:23:15','2022-04-06 17:23:15'),
(1397,'Aku sering dapat mempengaruhi orang lain untuk mengerjakan apa yang aku inginkan',55,2,'+','-','-','-','-','0',1,1,1,'2022-04-06 17:23:15','2022-04-06 17:23:15'),
(1398,'Aku sering dapat mempengaruhi orang lain untuk mengerjakan apa yang aku inginkan',55,2,'+','-','-','-','-','1',1,1,1,'2022-04-06 17:23:15','2022-04-06 17:23:15'),
(1399,'Aku sering dapat mempengaruhi orang lain untuk mengerjakan apa yang aku inginkan',55,2,'+','-','-','-','-','1',1,1,1,'2022-04-06 17:23:15','2022-04-06 17:23:15');

/*Table structure for table `question_result` */

DROP TABLE IF EXISTS `question_result`;

CREATE TABLE `question_result` (
  `id` bigint(20) NOT NULL AUTO_INCREMENT,
  `section_result_id` bigint(20) NOT NULL,
  `question_id` bigint(20) NOT NULL,
  `answer` varchar(100) NOT NULL,
  `status_correct` int(10) NOT NULL DEFAULT 0 COMMENT '1: correct, 0: false',
  `status` int(10) NOT NULL DEFAULT 1 COMMENT '1: available, 0: deleted',
  `createdAt` datetime NOT NULL,
  `updatedAt` datetime NOT NULL,
  PRIMARY KEY (`id`)
) ENGINE=InnoDB AUTO_INCREMENT=1192 DEFAULT CHARSET=utf8mb4;

/*Data for the table `question_result` */

insert  into `question_result`(`id`,`section_result_id`,`question_id`,`answer`,`status_correct`,`status`,`createdAt`,`updatedAt`) values 
(29,13,600,'a',0,1,'2022-02-19 10:39:33','2022-02-19 10:39:33'),
(30,13,601,'a',0,1,'2022-02-19 10:39:33','2022-02-19 10:39:33'),
(31,13,602,'b',0,1,'2022-02-19 10:39:33','2022-02-19 10:39:33'),
(32,13,603,'b',0,1,'2022-02-19 10:39:33','2022-02-19 10:39:33'),
(33,13,604,'a',0,1,'2022-02-19 10:39:33','2022-02-19 10:39:33'),
(34,13,605,'b',0,1,'2022-02-19 10:39:33','2022-02-19 10:39:33'),
(35,13,606,'b',0,1,'2022-02-19 10:39:33','2022-02-19 10:39:33'),
(36,13,607,'a',0,1,'2022-02-19 10:39:33','2022-02-19 10:39:33'),
(37,13,608,'b',0,1,'2022-02-19 10:39:33','2022-02-19 10:39:33'),
(38,13,609,'a',0,1,'2022-02-19 10:39:33','2022-02-19 10:39:33'),
(39,13,610,'b',0,1,'2022-02-19 10:39:33','2022-02-19 10:39:33'),
(40,13,611,'b',0,1,'2022-02-19 10:39:33','2022-02-19 10:39:33'),
(41,13,612,'a',0,1,'2022-02-19 10:39:33','2022-02-19 10:39:33'),
(42,13,613,'a',0,1,'2022-02-19 10:39:33','2022-02-19 10:39:33'),
(44,13,614,'a',0,1,'2022-02-19 10:39:33','2022-02-19 10:39:33'),
(45,13,615,'a',0,1,'2022-02-19 10:39:33','2022-02-19 10:39:33'),
(46,24,434,'1/4&1/8',1,1,'2022-02-23 14:34:45','2022-02-23 14:34:45'),
(47,24,456,'-9&72',0,1,'2022-02-23 14:34:45','2022-02-23 14:34:45'),
(48,24,457,'6&48/9',1,1,'2022-02-23 14:34:45','2022-02-23 14:34:45'),
(49,24,311,'d',0,1,'2022-02-23 14:34:45','2022-02-23 14:34:45'),
(50,24,312,'e',0,1,'2022-02-23 14:34:46','2022-02-23 14:34:46'),
(51,24,434,'1/4&1/8',1,1,'2022-02-23 14:35:33','2022-02-23 14:35:33'),
(52,24,456,'-9&-72',1,1,'2022-02-23 14:35:33','2022-02-23 14:35:33'),
(53,24,457,'6&48/9',1,1,'2022-02-23 14:35:33','2022-02-23 14:35:33'),
(54,14,473,'a',0,1,'2022-02-23 14:39:16','2022-02-23 14:39:16'),
(55,14,473,'b',1,1,'2022-02-23 14:39:46','2022-02-23 14:39:46'),
(56,14,473,'a',0,1,'2022-02-23 14:39:50','2022-02-23 14:39:50'),
(57,14,473,'B',1,1,'2022-02-23 14:39:54','2022-02-23 14:39:54'),
(58,14,473,'C',0,1,'2022-02-23 14:39:56','2022-02-23 14:39:56'),
(59,14,473,'D',0,1,'2022-02-23 14:39:58','2022-02-23 14:39:58'),
(60,14,473,'E',1,1,'2022-02-23 14:39:59','2022-02-23 14:39:59'),
(61,14,472,'E',0,1,'2022-02-23 14:40:04','2022-02-23 14:40:04'),
(62,14,472,'D',0,1,'2022-02-23 14:40:19','2022-02-23 14:40:19'),
(63,14,472,'C',0,1,'2022-02-23 14:40:21','2022-02-23 14:40:21'),
(64,14,472,'B',0,1,'2022-02-23 14:40:23','2022-02-23 14:40:23'),
(65,14,472,'A',1,1,'2022-02-23 14:40:25','2022-02-23 14:40:25'),
(96,16,864,'a&B',0,1,'2022-02-27 03:10:14','2022-02-27 03:10:14'),
(97,16,865,'C&C',1,1,'2022-02-27 03:10:14','2022-02-27 03:10:14'),
(98,16,866,'C&a',1,1,'2022-02-27 03:10:14','2022-02-27 03:10:14'),
(99,16,867,'c&c',1,1,'2022-02-27 03:10:14','2022-02-27 03:10:14'),
(100,25,1140,'-99,-99,-99,-99,-99,-99,-99,-99,-99,-99,1,8,4,0,9,2,3,4,1,5,2,0,1,6,6,4,9',0,1,'2022-03-20 07:21:20','2022-03-20 07:21:20'),
(101,25,1141,'-99,-99,-99,-99,-99,-99,-99,-99,-99,-99,-99,1,4,1,7,8,9,9,8,4,0,8,3,5,5,1,2',0,1,'2022-03-20 07:21:20','2022-03-20 07:21:20'),
(102,25,1142,'-99,-99,-99,-99,-99,-99,-99,-99,-99,-99,-99,-99,-99,-99,3,2,0,7,7,5,9,5,5,2,0,6,6',0,1,'2022-03-20 07:21:20','2022-03-20 07:21:20'),
(103,25,1143,'-99,-99,-99,-99,-99,-99,-99,-99,-99,-99,-99,-99,-99,2,6,5,3,8,5,0,4,3,1,7,6,7,5',0,1,'2022-03-20 07:21:21','2022-03-20 07:21:21'),
(104,25,1144,'-99,-99,-99,-99,-99,-99,-99,-99,-99,-99,-99,-99,-99,8,3,0,6,7,1,5,0,1,6,9,3,7,9',0,1,'2022-03-20 07:21:21','2022-03-20 07:21:21'),
(105,25,1145,'-99,-99,-99,-99,-99,-99,-99,-99,-99,-99,-99,-99,5,6,6,8,5,0,5,7,9,8,3,5,1,0,4',0,1,'2022-03-20 07:21:21','2022-03-20 07:21:21'),
(106,25,1146,'-99,-99,-99,-99,-99,-99,-99,-99,-99,-99,-99,-99,6,6,9,9,7,4,3,1,9,4,6,2,1,7,9',0,1,'2022-03-20 07:21:21','2022-03-20 07:21:21'),
(107,25,1147,'-99,-99,-99,-99,-99,-99,-99,-99,-99,-99,-99,-99,8,2,4,6,5,6,3,9,6,6,6,9,6,3,0',0,1,'2022-03-20 07:21:21','2022-03-20 07:21:21'),
(108,25,1148,'-99,-99,-99,-99,-99,-99,-99,-99,-99,-99,-99,-99,0,8,3,6,0,2,5,7,5,7,7,8,1,2,4',0,1,'2022-03-20 07:21:21','2022-03-20 07:21:21'),
(109,25,1149,'-99,-99,-99,-99,-99,-99,-99,-99,-99,-99,-99,-99,-99,-99,-99,2,8,5,7,9,9,1,0,3,8,0,0',0,1,'2022-03-20 07:21:21','2022-03-20 07:21:21'),
(110,25,1150,'-99,-99,-99,-99,-99,-99,-99,-99,-99,-99,-99,-99,1,8,6,9,7,2,4,9,7,7,2,1,0,6,8',0,1,'2022-03-20 07:21:21','2022-03-20 07:21:21'),
(111,25,1151,'-99,-99,-99,-99,-99,-99,-99,-99,-99,-99,-99,-99,-99,-99,5,9,5,3,0,7,3,0,2,0,3,5,3',0,1,'2022-03-20 07:21:21','2022-03-20 07:21:21'),
(112,25,1152,'-99,-99,-99,-99,-99,-99,-99,-99,-99,-99,-99,-99,-99,-99,-99,-99,1,4,4,7,4,8,1,4,9,5,6',0,1,'2022-03-20 07:21:21','2022-03-20 07:21:21'),
(113,25,1153,'-99,-99,-99,-99,-99,-99,-99,-99,-99,-99,-99,-99,2,5,0,5,1,7,0,4,4,3,7,8,1,5,6',0,1,'2022-03-20 07:21:21','2022-03-20 07:21:21'),
(114,25,1154,'-99,-99,-99,-99,-99,-99,-99,-99,-99,-99,-99,-99,6,6,3,4,4,9,9,8,1,7,2,8,4,6,1',0,1,'2022-03-20 07:21:21','2022-03-20 07:21:21'),
(115,25,1155,'-99,-99,-99,-99,-99,-99,-99,-99,-99,-99,-99,-99,-99,-99,-99,-99,7,8,2,9,2,8,2,1,9,0,4',0,1,'2022-03-20 07:21:21','2022-03-20 07:21:21'),
(116,25,1156,'-99,-99,-99,-99,-99,-99,-99,-99,-99,-99,-99,-99,-99,1,3,4,3,3,3,1,0,8,5,0,4,0,1',0,1,'2022-03-20 07:21:21','2022-03-20 07:21:21'),
(117,25,1157,'-99,-99,-99,-99,-99,-99,-99,-99,-99,-99,-99,-99,-99,-99,-99,-99,2,2,0,6,1,1,2,2,4,7,4',0,1,'2022-03-20 07:21:21','2022-03-20 07:21:21'),
(118,25,1158,'-99,-99,-99,-99,-99,-99,-99,-99,-99,-99,-99,-99,-99,-99,-99,-99,-99,-99,-99,-99,6,3,6,9,8,2,3',0,1,'2022-03-20 07:21:21','2022-03-20 07:21:21'),
(119,25,1159,'-99,-99,-99,-99,-99,-99,-99,-99,-99,-99,-99,-99,5,6,3,5,4,1,9,2,5,6,9,8,1,2,4',0,1,'2022-03-20 07:21:21','2022-03-20 07:21:21'),
(120,25,1160,'-99,-99,-99,-99,-99,-99,-99,-99,-99,-99,-99,-99,-99,-99,-99,-99,-99,9,6,0,5,5,8,2,8,4,6',0,1,'2022-03-20 07:21:22','2022-03-20 07:21:22'),
(121,25,1161,'-99,-99,-99,-99,-99,-99,-99,-99,-99,-99,-99,-99,-99,-99,-99,-99,5,0,8,1,1,2,1,7,3,3,0',0,1,'2022-03-20 07:21:22','2022-03-20 07:21:22'),
(122,25,1162,'-99,-99,-99,-99,-99,-99,-99,-99,-99,-99,-99,-99,-99,-99,-99,-99,-99,-99,-99,-99,-99,-99,-99,1,8,1,7',0,1,'2022-03-20 07:21:22','2022-03-20 07:21:22'),
(123,25,1163,'-99,-99,-99,-99,-99,-99,-99,-99,-99,-99,-99,-99,-99,-99,-99,-99,-99,6,5,0,0,5,2,5,1,9,4',0,1,'2022-03-20 07:21:22','2022-03-20 07:21:22'),
(124,25,1164,'-99,-99,-99,-99,-99,-99,-99,-99,-99,-99,-99,-99,-99,-99,-99,1,0,5,4,8,6,7,4,8,1,8,6',0,1,'2022-03-20 07:21:22','2022-03-20 07:21:22'),
(125,25,1165,'-99,-99,-99,-99,-99,-99,-99,-99,-99,-99,-99,-99,-99,-99,-99,-99,-99,-99,8,8,5,4,3,3,5,1,9',0,1,'2022-03-20 07:21:22','2022-03-20 07:21:22'),
(126,25,1166,'-99,-99,-99,-99,-99,-99,-99,-99,-99,-99,-99,-99,-99,-99,-99,4,6,0,8,5,3,4,1,3,6,1,7',0,1,'2022-03-20 07:21:22','2022-03-20 07:21:22'),
(127,25,1167,'-99,-99,-99,-99,-99,-99,-99,-99,-99,-99,-99,-99,-99,-99,-99,1,3,0,1,6,4,0,9,6,1,9,5',0,1,'2022-03-20 07:21:22','2022-03-20 07:21:22'),
(128,25,1168,'-99,-99,-99,-99,-99,-99,-99,-99,-99,-99,-99,-99,-99,-99,-99,-99,-99,7,5,5,9,4,8,8,0,4,9',0,1,'2022-03-20 07:21:22','2022-03-20 07:21:22'),
(129,25,1169,'-99,-99,-99,-99,-99,-99,-99,-99,-99,-99,-99,-99,-99,-99,-99,1,6,4,9,0,0,4,4,0,7,2,4',0,1,'2022-03-20 07:21:22','2022-03-20 07:21:22'),
(130,25,1170,'-99,-99,-99,-99,-99,-99,-99,-99,-99,-99,-99,-99,-99,-99,-99,6,5,1,0,1,6,8,3,8,8,2,2',0,1,'2022-03-20 07:21:22','2022-03-20 07:21:22'),
(131,25,1171,'-99,-99,-99,-99,-99,-99,-99,-99,-99,-99,-99,-99,-99,-99,-99,-99,-99,-99,6,0,0,5,0,9,3,9,2',0,1,'2022-03-20 07:21:22','2022-03-20 07:21:22'),
(132,25,1172,'-99,-99,-99,-99,-99,-99,-99,-99,-99,-99,-99,-99,-99,-99,-99,4,0,9,5,5,0,5,7,7,1,2,0',0,1,'2022-03-20 07:21:22','2022-03-20 07:21:22'),
(133,25,1173,'-99,-99,-99,-99,-99,-99,-99,-99,-99,-99,-99,-99,-99,-99,-99,-99,-99,-99,5,8,5,4,6,0,4,1,2',0,1,'2022-03-20 07:21:22','2022-03-20 07:21:22'),
(134,25,1174,'-99,-99,-99,-99,-99,-99,-99,-99,-99,-99,-99,-99,-99,-99,-99,-99,-99,-99,-99,-99,-99,-99,3,6,0,6,8',0,1,'2022-03-20 07:21:22','2022-03-20 07:21:22'),
(135,25,1175,'-99,-99,-99,-99,-99,-99,-99,-99,-99,-99,-99,-99,-99,-99,5,4,5,7,2,0,0,5,5,1,5,7,9',0,1,'2022-03-20 07:21:22','2022-03-20 07:21:22'),
(136,25,1176,'-99,-99,-99,-99,-99,-99,-99,-99,-99,-99,-99,-99,-99,-99,-99,-99,-99,-99,4,3,1,4,9,2,2,3,6',0,1,'2022-03-20 07:21:22','2022-03-20 07:21:22'),
(137,25,1177,'-99,-99,-99,-99,-99,-99,-99,-99,-99,-99,-99,-99,-99,-99,-99,0,0,6,6,8,8,6,3,1,5,1,0',0,1,'2022-03-20 07:21:22','2022-03-20 07:21:22'),
(138,25,1178,'-99,-99,-99,-99,-99,-99,-99,-99,-99,-99,-99,-99,-99,-99,-99,-99,-99,-99,3,8,3,3,0,0,0,2,6',0,1,'2022-03-20 07:21:23','2022-03-20 07:21:23'),
(139,25,1179,'-99,-99,-99,-99,-99,-99,-99,-99,-99,-99,-99,-99,-99,-99,-99,-99,-99,-99,-99,4,0,2,8,7,0,1,7',0,1,'2022-03-20 07:21:23','2022-03-20 07:21:23'),
(140,25,1180,'-99,-99,-99,-99,-99,-99,-99,-99,-99,-99,-99,-99,-99,-99,-99,0,2,2,8,2,7,2,3,6,1,6,6',0,1,'2022-03-20 07:21:23','2022-03-20 07:21:23'),
(141,25,1181,'-99,-99,-99,-99,-99,-99,-99,-99,-99,-99,-99,-99,-99,-99,-99,-99,-99,-99,6,9,8,4,0,2,0,8,3',0,1,'2022-03-20 07:21:23','2022-03-20 07:21:23'),
(142,25,1182,'-99,-99,-99,-99,-99,-99,-99,-99,-99,-99,-99,-99,-99,-99,-99,5,4,6,4,8,5,1,4,5,9,6,3',0,1,'2022-03-20 07:21:23','2022-03-20 07:21:23'),
(143,25,1183,'-99,-99,-99,-99,-99,-99,-99,-99,-99,-99,-99,-99,-99,6,4,4,7,4,1,9,4,8,9,9,3,6,1',0,1,'2022-03-20 07:21:23','2022-03-20 07:21:23'),
(144,25,1184,'-99,-99,-99,-99,-99,-99,-99,-99,-99,-99,-99,-99,-99,-99,5,7,7,4,6,7,0,4,2,3,5,2,1',0,1,'2022-03-20 07:21:23','2022-03-20 07:21:23'),
(145,25,1185,'-99,-99,-99,-99,-99,-99,-99,-99,-99,-99,-99,-99,-99,-99,-99,9,7,9,3,3,5,8,6,0,4,2,4',0,1,'2022-03-20 07:21:23','2022-03-20 07:21:23'),
(146,25,1186,'-99,-99,-99,-99,-99,-99,-99,-99,-99,-99,-99,-99,-99,-99,-99,1,4,8,6,2,5,3,3,1,6,6,2',0,1,'2022-03-20 07:21:23','2022-03-20 07:21:23'),
(147,25,1187,'-99,-99,-99,-99,-99,-99,-99,-99,-99,-99,-99,-99,-99,-99,7,5,2,7,6,8,9,2,5,8,2,5,9',0,1,'2022-03-20 07:21:23','2022-03-20 07:21:23'),
(148,25,1188,'-99,-99,-99,-99,-99,-99,-99,-99,-99,-99,-99,-99,-99,2,6,9,4,8,4,6,1,2,9,8,1,-1,-1',0,1,'2022-03-20 07:21:23','2022-03-20 07:21:23'),
(149,25,1189,'-1,-1,-1,-1,-1,-1,-1,-1,-1,-99,-99,-99,-99,-99,-99,-99,-99,2,9,9,2,8,6,4,0,0,6',0,1,'2022-03-20 07:21:23','2022-03-20 07:21:23'),
(932,27,1244,'1',1,1,'2022-04-07 09:54:08','2022-04-07 09:54:08'),
(933,27,1245,'0',1,1,'2022-04-07 09:54:08','2022-04-07 09:54:08'),
(934,27,1246,'1',0,1,'2022-04-07 09:54:08','2022-04-07 09:54:08'),
(935,27,1247,'1',0,1,'2022-04-07 09:54:08','2022-04-07 09:54:08'),
(936,27,1248,'1',0,1,'2022-04-07 09:54:08','2022-04-07 09:54:08'),
(937,27,1249,'1',1,1,'2022-04-07 09:54:08','2022-04-07 09:54:08'),
(938,27,1250,'0',1,1,'2022-04-07 09:54:08','2022-04-07 09:54:08'),
(939,27,1251,'1',1,1,'2022-04-07 09:54:08','2022-04-07 09:54:08'),
(940,27,1252,'0',1,1,'2022-04-07 09:54:08','2022-04-07 09:54:08'),
(941,27,1253,'1',0,1,'2022-04-07 09:54:09','2022-04-07 09:54:09'),
(942,27,1254,'1',1,1,'2022-04-07 09:54:09','2022-04-07 09:54:09'),
(943,27,1255,'1',1,1,'2022-04-07 09:54:09','2022-04-07 09:54:09'),
(944,27,1256,'0',1,1,'2022-04-07 09:54:09','2022-04-07 09:54:09'),
(945,27,1257,'1',1,1,'2022-04-07 09:54:09','2022-04-07 09:54:09'),
(946,27,1258,'0',1,1,'2022-04-07 09:54:09','2022-04-07 09:54:09'),
(947,27,1259,'0',0,1,'2022-04-07 09:54:09','2022-04-07 09:54:09'),
(948,27,1260,'1',0,1,'2022-04-07 09:54:09','2022-04-07 09:54:09'),
(949,27,1261,'1',0,1,'2022-04-07 09:54:09','2022-04-07 09:54:09'),
(950,27,1262,'0',1,1,'2022-04-07 09:54:09','2022-04-07 09:54:09'),
(951,27,1263,'0',1,1,'2022-04-07 09:54:09','2022-04-07 09:54:09'),
(952,27,1264,'0',1,1,'2022-04-07 09:54:09','2022-04-07 09:54:09'),
(953,27,1265,'1',0,1,'2022-04-07 09:54:09','2022-04-07 09:54:09'),
(954,27,1266,'1',1,1,'2022-04-07 09:54:09','2022-04-07 09:54:09'),
(955,27,1267,'1',1,1,'2022-04-07 09:54:09','2022-04-07 09:54:09'),
(956,27,1268,'1',1,1,'2022-04-07 09:54:09','2022-04-07 09:54:09'),
(957,27,1269,'0',0,1,'2022-04-07 09:54:09','2022-04-07 09:54:09'),
(958,27,1270,'0',0,1,'2022-04-07 09:54:09','2022-04-07 09:54:09'),
(959,27,1271,'1',1,1,'2022-04-07 09:54:10','2022-04-07 09:54:10'),
(960,27,1272,'0',0,1,'2022-04-07 09:54:10','2022-04-07 09:54:10'),
(961,27,1273,'1',1,1,'2022-04-07 09:54:10','2022-04-07 09:54:10'),
(962,27,1274,'0',0,1,'2022-04-07 09:54:10','2022-04-07 09:54:10'),
(963,27,1275,'0',0,1,'2022-04-07 09:54:10','2022-04-07 09:54:10'),
(964,27,1276,'1',1,1,'2022-04-07 09:54:10','2022-04-07 09:54:10'),
(965,27,1277,'1',1,1,'2022-04-07 09:54:10','2022-04-07 09:54:10'),
(966,27,1278,'1',1,1,'2022-04-07 09:54:10','2022-04-07 09:54:10'),
(967,27,1279,'1',1,1,'2022-04-07 09:54:10','2022-04-07 09:54:10'),
(968,27,1280,'0',0,1,'2022-04-07 09:54:10','2022-04-07 09:54:10'),
(969,27,1281,'1',1,1,'2022-04-07 09:54:10','2022-04-07 09:54:10'),
(970,27,1282,'0',1,1,'2022-04-07 09:54:10','2022-04-07 09:54:10'),
(971,27,1283,'1',0,1,'2022-04-07 09:54:10','2022-04-07 09:54:10'),
(972,27,1284,'0',1,1,'2022-04-07 09:54:10','2022-04-07 09:54:10'),
(973,27,1285,'0',1,1,'2022-04-07 09:54:10','2022-04-07 09:54:10'),
(974,27,1286,'0',1,1,'2022-04-07 09:54:10','2022-04-07 09:54:10'),
(975,27,1287,'1',0,1,'2022-04-07 09:54:11','2022-04-07 09:54:11'),
(976,27,1288,'0',0,1,'2022-04-07 09:54:11','2022-04-07 09:54:11'),
(977,27,1289,'0',1,1,'2022-04-07 09:54:11','2022-04-07 09:54:11'),
(978,27,1290,'1',1,1,'2022-04-07 09:54:11','2022-04-07 09:54:11'),
(979,27,1291,'0',1,1,'2022-04-07 09:54:11','2022-04-07 09:54:11'),
(980,27,1292,'0',0,1,'2022-04-07 09:54:11','2022-04-07 09:54:11'),
(981,27,1293,'0',1,1,'2022-04-07 09:54:11','2022-04-07 09:54:11'),
(982,27,1294,'0',1,1,'2022-04-07 09:54:11','2022-04-07 09:54:11'),
(983,27,1295,'0',1,1,'2022-04-07 09:54:11','2022-04-07 09:54:11'),
(984,27,1296,'0',1,1,'2022-04-07 09:54:11','2022-04-07 09:54:11'),
(985,27,1297,'1',0,1,'2022-04-07 09:54:11','2022-04-07 09:54:11'),
(986,27,1298,'0',1,1,'2022-04-07 09:54:11','2022-04-07 09:54:11'),
(987,27,1299,'0',1,1,'2022-04-07 09:54:11','2022-04-07 09:54:11'),
(988,27,1300,'0',1,1,'2022-04-07 09:54:11','2022-04-07 09:54:11'),
(989,27,1301,'1',0,1,'2022-04-07 09:54:11','2022-04-07 09:54:11'),
(990,27,1302,'1',1,1,'2022-04-07 09:54:11','2022-04-07 09:54:11'),
(991,27,1303,'0',0,1,'2022-04-07 09:54:11','2022-04-07 09:54:11'),
(992,27,1304,'1',0,1,'2022-04-07 09:54:11','2022-04-07 09:54:11'),
(993,27,1305,'0',1,1,'2022-04-07 09:54:11','2022-04-07 09:54:11'),
(994,27,1306,'0',1,1,'2022-04-07 09:54:12','2022-04-07 09:54:12'),
(995,27,1307,'0',1,1,'2022-04-07 09:54:12','2022-04-07 09:54:12'),
(996,27,1308,'1',1,1,'2022-04-07 09:54:12','2022-04-07 09:54:12'),
(997,27,1309,'0',1,1,'2022-04-07 09:54:12','2022-04-07 09:54:12'),
(998,27,1310,'1',1,1,'2022-04-07 09:54:12','2022-04-07 09:54:12'),
(999,27,1311,'1',0,1,'2022-04-07 09:54:12','2022-04-07 09:54:12'),
(1000,27,1312,'1',1,1,'2022-04-07 09:54:12','2022-04-07 09:54:12'),
(1001,27,1313,'1',0,1,'2022-04-07 09:54:12','2022-04-07 09:54:12'),
(1002,27,1314,'1',1,1,'2022-04-07 09:54:12','2022-04-07 09:54:12'),
(1003,27,1315,'1',0,1,'2022-04-07 09:54:12','2022-04-07 09:54:12'),
(1004,27,1316,'1',1,1,'2022-04-07 09:54:12','2022-04-07 09:54:12'),
(1005,27,1317,'1',1,1,'2022-04-07 09:54:12','2022-04-07 09:54:12'),
(1006,27,1318,'1',1,1,'2022-04-07 09:54:12','2022-04-07 09:54:12'),
(1007,27,1319,'0',1,1,'2022-04-07 09:54:12','2022-04-07 09:54:12'),
(1008,27,1320,'0',1,1,'2022-04-07 09:54:12','2022-04-07 09:54:12'),
(1009,27,1321,'0',1,1,'2022-04-07 09:54:12','2022-04-07 09:54:12'),
(1010,27,1322,'0',0,1,'2022-04-07 09:54:12','2022-04-07 09:54:12'),
(1011,27,1323,'1',1,1,'2022-04-07 09:54:13','2022-04-07 09:54:13'),
(1012,27,1324,'0',1,1,'2022-04-07 09:54:13','2022-04-07 09:54:13'),
(1013,27,1325,'0',1,1,'2022-04-07 09:54:13','2022-04-07 09:54:13'),
(1014,27,1326,'0',1,1,'2022-04-07 09:54:13','2022-04-07 09:54:13'),
(1015,27,1327,'1',1,1,'2022-04-07 09:54:13','2022-04-07 09:54:13'),
(1016,27,1328,'0',1,1,'2022-04-07 09:54:13','2022-04-07 09:54:13'),
(1017,27,1329,'0',1,1,'2022-04-07 09:54:13','2022-04-07 09:54:13'),
(1018,27,1330,'0',1,1,'2022-04-07 09:54:13','2022-04-07 09:54:13'),
(1019,27,1331,'1',1,1,'2022-04-07 09:54:13','2022-04-07 09:54:13'),
(1020,27,1332,'0',1,1,'2022-04-07 09:54:13','2022-04-07 09:54:13'),
(1021,27,1333,'0',0,1,'2022-04-07 09:54:13','2022-04-07 09:54:13'),
(1022,27,1334,'1',1,1,'2022-04-07 09:54:13','2022-04-07 09:54:13'),
(1023,27,1335,'1',1,1,'2022-04-07 09:54:13','2022-04-07 09:54:13'),
(1024,27,1336,'1',1,1,'2022-04-07 09:54:13','2022-04-07 09:54:13'),
(1025,27,1337,'1',1,1,'2022-04-07 09:54:13','2022-04-07 09:54:13'),
(1026,27,1338,'1',1,1,'2022-04-07 09:54:13','2022-04-07 09:54:13'),
(1027,27,1339,'0',1,1,'2022-04-07 09:54:14','2022-04-07 09:54:14'),
(1028,27,1340,'1',1,1,'2022-04-07 09:54:14','2022-04-07 09:54:14'),
(1029,27,1341,'0',0,1,'2022-04-07 09:54:14','2022-04-07 09:54:14'),
(1030,27,1342,'1',1,1,'2022-04-07 09:54:14','2022-04-07 09:54:14'),
(1031,27,1343,'1',1,1,'2022-04-07 09:54:14','2022-04-07 09:54:14'),
(1032,27,1344,'0',1,1,'2022-04-07 09:54:14','2022-04-07 09:54:14'),
(1033,27,1345,'1',0,1,'2022-04-07 09:54:14','2022-04-07 09:54:14'),
(1034,27,1346,'1',1,1,'2022-04-07 09:54:14','2022-04-07 09:54:14'),
(1035,27,1347,'0',1,1,'2022-04-07 09:54:14','2022-04-07 09:54:14'),
(1036,27,1348,'1',1,1,'2022-04-07 09:54:14','2022-04-07 09:54:14'),
(1037,27,1349,'1',1,1,'2022-04-07 09:54:14','2022-04-07 09:54:14'),
(1038,27,1350,'0',1,1,'2022-04-07 09:54:14','2022-04-07 09:54:14'),
(1039,27,1351,'1',1,1,'2022-04-07 09:54:14','2022-04-07 09:54:14'),
(1040,27,1352,'1',1,1,'2022-04-07 09:54:14','2022-04-07 09:54:14'),
(1041,27,1353,'1',1,1,'2022-04-07 09:54:14','2022-04-07 09:54:14'),
(1042,27,1354,'0',0,1,'2022-04-07 09:54:14','2022-04-07 09:54:14'),
(1043,27,1355,'0',1,1,'2022-04-07 09:54:14','2022-04-07 09:54:14'),
(1044,27,1356,'1',0,1,'2022-04-07 09:54:14','2022-04-07 09:54:14'),
(1045,27,1357,'0',0,1,'2022-04-07 09:54:15','2022-04-07 09:54:15'),
(1046,27,1358,'1',0,1,'2022-04-07 09:54:15','2022-04-07 09:54:15'),
(1047,27,1359,'0',1,1,'2022-04-07 09:54:15','2022-04-07 09:54:15'),
(1048,27,1360,'0',1,1,'2022-04-07 09:54:15','2022-04-07 09:54:15'),
(1049,27,1361,'0',1,1,'2022-04-07 09:54:15','2022-04-07 09:54:15'),
(1050,27,1362,'0',1,1,'2022-04-07 09:54:15','2022-04-07 09:54:15'),
(1051,27,1363,'0',1,1,'2022-04-07 09:54:15','2022-04-07 09:54:15'),
(1052,27,1364,'0',1,1,'2022-04-07 09:54:15','2022-04-07 09:54:15'),
(1053,27,1365,'1',1,1,'2022-04-07 09:54:15','2022-04-07 09:54:15'),
(1054,27,1366,'1',1,1,'2022-04-07 09:54:15','2022-04-07 09:54:15'),
(1055,27,1367,'1',0,1,'2022-04-07 09:54:15','2022-04-07 09:54:15'),
(1056,27,1368,'1',0,1,'2022-04-07 09:54:15','2022-04-07 09:54:15'),
(1057,27,1369,'0',1,1,'2022-04-07 09:54:15','2022-04-07 09:54:15'),
(1058,27,1370,'0',1,1,'2022-04-07 09:54:15','2022-04-07 09:54:15'),
(1059,27,1371,'1',0,1,'2022-04-07 09:54:15','2022-04-07 09:54:15'),
(1060,27,1372,'0',1,1,'2022-04-07 09:54:15','2022-04-07 09:54:15'),
(1061,27,1373,'0',1,1,'2022-04-07 09:54:15','2022-04-07 09:54:15'),
(1062,27,1374,'0',1,1,'2022-04-07 09:54:15','2022-04-07 09:54:15'),
(1063,27,1375,'0',0,1,'2022-04-07 09:54:16','2022-04-07 09:54:16'),
(1064,27,1376,'1',0,1,'2022-04-07 09:54:16','2022-04-07 09:54:16'),
(1065,27,1377,'0',1,1,'2022-04-07 09:54:16','2022-04-07 09:54:16'),
(1066,27,1378,'1',1,1,'2022-04-07 09:54:16','2022-04-07 09:54:16'),
(1067,27,1379,'0',1,1,'2022-04-07 09:54:16','2022-04-07 09:54:16'),
(1068,27,1380,'0',1,1,'2022-04-07 09:54:16','2022-04-07 09:54:16'),
(1069,27,1381,'1',1,1,'2022-04-07 09:54:16','2022-04-07 09:54:16'),
(1070,27,1382,'0',1,1,'2022-04-07 09:54:16','2022-04-07 09:54:16'),
(1071,27,1383,'0',1,1,'2022-04-07 09:54:16','2022-04-07 09:54:16'),
(1072,27,1384,'0',0,1,'2022-04-07 09:54:16','2022-04-07 09:54:16'),
(1073,27,1385,'0',1,1,'2022-04-07 09:54:16','2022-04-07 09:54:16'),
(1074,27,1386,'1',1,1,'2022-04-07 09:54:16','2022-04-07 09:54:16'),
(1075,27,1387,'0',1,1,'2022-04-07 09:54:17','2022-04-07 09:54:17'),
(1076,27,1388,'1',0,1,'2022-04-07 09:54:17','2022-04-07 09:54:17'),
(1077,27,1389,'1',1,1,'2022-04-07 09:54:17','2022-04-07 09:54:17'),
(1078,27,1390,'0',1,1,'2022-04-07 09:54:17','2022-04-07 09:54:17'),
(1079,27,1391,'0',1,1,'2022-04-07 09:54:17','2022-04-07 09:54:17'),
(1080,27,1392,'1',1,1,'2022-04-07 09:54:17','2022-04-07 09:54:17'),
(1081,27,1393,'1',0,1,'2022-04-07 09:54:17','2022-04-07 09:54:17'),
(1082,27,1394,'1',0,1,'2022-04-07 09:54:17','2022-04-07 09:54:17'),
(1083,27,1395,'0',1,1,'2022-04-07 09:54:17','2022-04-07 09:54:17'),
(1084,27,1396,'0',1,1,'2022-04-07 09:54:17','2022-04-07 09:54:17'),
(1085,27,1397,'0',1,1,'2022-04-07 09:54:17','2022-04-07 09:54:17'),
(1086,27,1398,'1',1,1,'2022-04-07 09:54:18','2022-04-07 09:54:18'),
(1087,27,1399,'1',1,1,'2022-04-07 09:54:18','2022-04-07 09:54:18'),
(1140,26,1190,'1',0,1,'2022-04-07 12:27:57','2022-04-07 12:27:57'),
(1141,26,1191,'1',1,1,'2022-04-07 12:27:57','2022-04-07 12:27:57'),
(1142,26,1192,'0',0,1,'2022-04-07 12:27:57','2022-04-07 12:27:57'),
(1143,26,1193,'1',1,1,'2022-04-07 12:27:57','2022-04-07 12:27:57'),
(1144,26,1194,'0',0,1,'2022-04-07 12:27:57','2022-04-07 12:27:57'),
(1145,26,1195,'1',1,1,'2022-04-07 12:27:57','2022-04-07 12:27:57'),
(1146,26,1196,'1',0,1,'2022-04-07 12:27:58','2022-04-07 12:27:58'),
(1147,26,1197,'0',0,1,'2022-04-07 12:27:58','2022-04-07 12:27:58'),
(1148,26,1198,'0',0,1,'2022-04-07 12:27:58','2022-04-07 12:27:58'),
(1149,26,1199,'0',0,1,'2022-04-07 12:27:58','2022-04-07 12:27:58'),
(1150,26,1200,'1',1,1,'2022-04-07 12:27:58','2022-04-07 12:27:58'),
(1151,26,1201,'0',0,1,'2022-04-07 12:27:58','2022-04-07 12:27:58'),
(1152,26,1202,'1',0,1,'2022-04-07 12:27:58','2022-04-07 12:27:58'),
(1153,26,1203,'0',0,1,'2022-04-07 12:27:58','2022-04-07 12:27:58'),
(1154,26,1204,'0',0,1,'2022-04-07 12:27:58','2022-04-07 12:27:58'),
(1155,26,1205,'0',0,1,'2022-04-07 12:27:58','2022-04-07 12:27:58'),
(1156,26,1206,'0',0,1,'2022-04-07 12:27:59','2022-04-07 12:27:59'),
(1157,26,1207,'0',0,1,'2022-04-07 12:27:59','2022-04-07 12:27:59'),
(1158,26,1208,'1',0,1,'2022-04-07 12:27:59','2022-04-07 12:27:59'),
(1159,26,1209,'0',0,1,'2022-04-07 12:27:59','2022-04-07 12:27:59'),
(1160,26,1210,'0',0,1,'2022-04-07 12:27:59','2022-04-07 12:27:59'),
(1161,26,1211,'0',0,1,'2022-04-07 12:27:59','2022-04-07 12:27:59'),
(1162,26,1212,'0',0,1,'2022-04-07 12:27:59','2022-04-07 12:27:59'),
(1163,26,1213,'0',0,1,'2022-04-07 12:27:59','2022-04-07 12:27:59'),
(1164,26,1214,'1',0,1,'2022-04-07 12:27:59','2022-04-07 12:27:59'),
(1165,26,1215,'0',0,1,'2022-04-07 12:27:59','2022-04-07 12:27:59'),
(1166,26,1216,'1',1,1,'2022-04-07 12:27:59','2022-04-07 12:27:59'),
(1167,26,1217,'1',0,1,'2022-04-07 12:27:59','2022-04-07 12:27:59'),
(1168,26,1218,'0',0,1,'2022-04-07 12:27:59','2022-04-07 12:27:59'),
(1169,26,1219,'0',0,1,'2022-04-07 12:27:59','2022-04-07 12:27:59'),
(1170,26,1220,'1',0,1,'2022-04-07 12:27:59','2022-04-07 12:27:59'),
(1171,26,1221,'0',1,1,'2022-04-07 12:27:59','2022-04-07 12:27:59'),
(1172,26,1222,'0',0,1,'2022-04-07 12:28:00','2022-04-07 12:28:00'),
(1173,26,1223,'0',0,1,'2022-04-07 12:28:00','2022-04-07 12:28:00'),
(1174,26,1224,'0',0,1,'2022-04-07 12:28:00','2022-04-07 12:28:00'),
(1175,26,1225,'1',1,1,'2022-04-07 12:28:00','2022-04-07 12:28:00'),
(1176,26,1226,'1',1,1,'2022-04-07 12:28:00','2022-04-07 12:28:00'),
(1177,26,1227,'1',1,1,'2022-04-07 12:28:00','2022-04-07 12:28:00'),
(1178,26,1228,'0',0,1,'2022-04-07 12:28:00','2022-04-07 12:28:00'),
(1179,26,1229,'1',1,1,'2022-04-07 12:28:00','2022-04-07 12:28:00'),
(1180,26,1230,'0',0,1,'2022-04-07 12:28:00','2022-04-07 12:28:00'),
(1181,26,1231,'0',0,1,'2022-04-07 12:28:00','2022-04-07 12:28:00'),
(1182,26,1232,'1',1,1,'2022-04-07 12:28:00','2022-04-07 12:28:00'),
(1183,26,1233,'1',1,1,'2022-04-07 12:28:00','2022-04-07 12:28:00'),
(1184,26,1234,'1',1,1,'2022-04-07 12:28:00','2022-04-07 12:28:00'),
(1185,26,1235,'0',0,1,'2022-04-07 12:28:00','2022-04-07 12:28:00'),
(1186,26,1236,'0',0,1,'2022-04-07 12:28:00','2022-04-07 12:28:00'),
(1187,26,1237,'0',0,1,'2022-04-07 12:28:00','2022-04-07 12:28:00'),
(1188,26,1238,'0',0,1,'2022-04-07 12:28:01','2022-04-07 12:28:01'),
(1189,26,1239,'0',0,1,'2022-04-07 12:28:01','2022-04-07 12:28:01'),
(1190,26,1240,'1',1,1,'2022-04-07 12:28:01','2022-04-07 12:28:01'),
(1191,26,1241,'1',0,1,'2022-04-07 12:28:01','2022-04-07 12:28:01');

/*Table structure for table `registrant` */

DROP TABLE IF EXISTS `registrant`;

CREATE TABLE `registrant` (
  `email` varchar(255) NOT NULL,
  `biodata` longtext NOT NULL,
  `status` int(10) NOT NULL DEFAULT 1 COMMENT '1: available, 0: deleted',
  `createdAt` datetime NOT NULL,
  `updatedAt` datetime NOT NULL,
  PRIMARY KEY (`email`)
) ENGINE=InnoDB DEFAULT CHARSET=utf8mb4;

/*Data for the table `registrant` */

insert  into `registrant`(`email`,`biodata`,`status`,`createdAt`,`updatedAt`) values 
('a@a.com','{\r\n  \"nama_lengkap\": \"Lawrence Patrick Sianto\",\r\n  \"nama_panggilan\": \"Lawrence\",\r\n  \"alamat_ktp\": \"Jalan Jalan II\",\r\n  \"alamat_skg\": \"Jalan Jalan III\",\r\n  \"no_hp\": \"0812345678\",\r\n  \"ttl\": \"Surabaya, 01 Januari 1970\",\r\n  \"kewarganegaraan\": \"WNI\",\r\n  \"suku\": \"tionghoa\",\r\n  \"agama\": \"kristen\",\r\n  \"usia\": \"20\",\r\n  \"tinggi_badan\": \"164\",\r\n  \"berat_badan\": \"50.2\",\r\n  \"no_identitas\": \"981231515214561\",\r\n  \"golongan_darah\": \"O\",\r\n  \"no_npwp\": \"123456789\",\r\n  \"email\": \"abc@def.com\",\r\n  \"kesehatan\": {\r\n    \"keadaan\": \"baik/kurang sesuai\",\r\n    \"cacat\": \"ya/tidak\",\r\n    \"sakit_keras\": \"ya/tidak\",\r\n    \"kapan\": \"-/januari 2022\"\r\n  },\r\n  \"status_nikah\": {\r\n    \"menikah\": \"ya/tidak\",\r\n    \"nama_suami_istri\": \"perempuan laki\",\r\n    \"nama_anak\": \"anak saya\"\r\n  },\r\n  \"pendidikan\": [\r\n    {\r\n      \"tingkat\": \"SMP\",\r\n      \"jurusan\": \"IPA\",\r\n      \"nama_sekolah\": \"SMP MASA BODO\",\r\n      \"kota\": \"Surabaya\",\r\n      \"tahun_lulus\": \"2021\"\r\n    },\r\n    {\r\n      \"tingkat\": \"SMA\",\r\n      \"jurusan\": \"IPA\",\r\n      \"nama_sekolah\": \"SMA MASA SIH\",\r\n      \"kota\": \"Surabaya\",\r\n      \"tahun_lulus\": \"2022\"\r\n    }\r\n  ],\r\n  \"alasan_bekerja\": \"ini deskripsi bla bla bla bla bla\",\r\n  \"keluarga\": {\r\n    \"orang_tua\": [\r\n      {\r\n        \"nama\": \"Orang Tua 1\",\r\n        \"ttl\": \"Surabaya, 01 Januari 1970\",\r\n        \"alamat\": \"Jalan Alamat 1\",\r\n        \"pendidikan\": \"SMA\",\r\n        \"pekerjaan\": \"Ibu Rumah Tangga\"\r\n      },\r\n      {\r\n        \"nama\": \"Orang Tua 2\",\r\n        \"ttl\": \"Surabaya, 01 Januari 1970\",\r\n        \"alamat\": \"Jalan Alamat 2\",\r\n        \"pendidikan\": \"SMA\",\r\n        \"pekerjaan\": \"Arsitek\"\r\n      }\r\n    ],\r\n    \"istri_suami\": [\r\n      {\r\n        \"nama\": \"Suami 1\",\r\n        \"ttl\": \"Surabaya, 01 Januari 1970\",\r\n        \"alamat\": \"Jalan Alamat 3\",\r\n        \"pendidikan\": \"SMA\",\r\n        \"pekerjaan\": \"Chef\"\r\n      },\r\n      {\r\n        \"nama\": \"Istri 1\",\r\n        \"ttl\": \"Surabaya, 01 Januari 1970\",\r\n        \"alamat\": \"Jalan Alamat 4\",\r\n        \"pendidikan\": \"SMA\",\r\n        \"pekerjaan\": \"Dokter\"\r\n      }\r\n    ],\r\n    \"anak_kandung\": [\r\n      {\r\n        \"nama\": \"Anak 1\",\r\n        \"ttl\": \"Surabaya, 01 Januari 1970\",\r\n        \"alamat\": \"Jalan Alamat 4\",\r\n        \"pendidikan\": \"SMA\",\r\n        \"pekerjaan\": \"Chef\"\r\n      },\r\n      {\r\n        \"nama\": \"Anak 2\",\r\n        \"ttl\": \"Surabaya, 01 Januari 1970\",\r\n        \"alamat\": \"Jalan Alamat 5\",\r\n        \"pendidikan\": \"SMA\",\r\n        \"pekerjaan\": \"Dosen\"\r\n      }\r\n    ],\r\n    \"saudara_kandung\": [\r\n      {\r\n        \"nama\": \"Saudara 1\",\r\n        \"ttl\": \"Surabaya, 01 Januari 1970\",\r\n        \"alamat\": \"Jalan Alamat 6\",\r\n        \"pendidikan\": \"SMA\",\r\n        \"pekerjaan\": \"Guru\"\r\n      },\r\n      {\r\n        \"nama\": \"Saudara 2\",\r\n        \"ttl\": \"Surabaya, 01 Januari 1970\",\r\n        \"alamat\": \"Jalan Alamat 7\",\r\n        \"pendidikan\": \"SMA\",\r\n        \"pekerjaan\": \"Penjual Jamu\"\r\n      }\r\n    ]\r\n  },\r\n  \"riwayat_pekerjaan\": {\r\n    \"riwayat\": [\r\n      {\r\n        \"dari\": \"01 Januari 1970\",\r\n        \"sampai\": \"02 Januari 1970\",\r\n        \"nama_perusahaan\": \"PT ABADI ABADI\",\r\n        \"kota\": \"Pasuruan\",\r\n        \"bidang_usaha\": \"Pertanian\",\r\n        \"jabatan\": \"Manager Agrikultur\"\r\n      },\r\n      {\r\n        \"dari\": \"01 Januari 1970\",\r\n        \"sampai\": \"02 Januari 1970\",\r\n        \"nama_perusahaan\": \"PT MAKMUR MAKMUR\",\r\n        \"kota\": \"Bojonegoro\",\r\n        \"bidang_usaha\": \"Perikanan\",\r\n        \"jabatan\": \"Manager Lele\"\r\n      }\r\n    ],\r\n    \"gaji_diperoleh\": \"saya di perusahaan a dibayar sebanyak 7jt tapi di perusahaan b saya ga digaji\",\r\n    \"alasan_berhenti\": \"di perusahaan a saya ketauan mencuri 10 gagang sapu tapi di perusahaan b saya ga sengaja bakar ruangan bos saya\"\r\n  },\r\n  \"training_kursus\": [\r\n    {\r\n      \"materi\": \"Materi 1\",\r\n      \"penyelenggara\": \"UD SEJAHTERA ABADI\",\r\n      \"tahun\": \"2022\",\r\n      \"tempat\": \"Alamat 1\"\r\n    },\r\n    {\r\n      \"materi\": \"Materi 2\",\r\n      \"penyelenggara\": \"UD SEJAHTERA ABADI\",\r\n      \"tahun\": \"2023\",\r\n      \"tempat\": \"Alamat 2\"\r\n    }\r\n  ],\r\n  \"organisasi\": [\r\n    {\r\n      \"nama\": \"Organisasai 1\",\r\n      \"tempat\": \"ISTTS\",\r\n      \"masa\": \"2002-2010\",\r\n      \"jabatan\": \"Ketua Provinsional\"\r\n    },\r\n    {\r\n      \"nama\": \"Organisasai 2\",\r\n      \"tempat\": \"ITS\",\r\n      \"masa\": \"1970-2022\",\r\n      \"jabatan\": \"Jabatan Menjamin Kesejahteraan\"\r\n    }\r\n  ],\r\n  \"bahasa_dikuasai\": [\r\n    {\r\n      \"bahasa\": \"Indonesia\",\r\n      \"berbicara\": \"kurang/cukup/baik\",\r\n      \"menulis\": \"kurang/cukup/baik\",\r\n      \"mendengar\": \"kurang/cukup/baik\"\r\n    }\r\n  ],\r\n  \"keterangan_kerja\": {\r\n    \"lama_berhenti_kerja\": \"kira-kira 10 tahun sebelum\",\r\n    \"bisa_mulai_bekerja\": \"sekarang bole\",\r\n    \"kenalan_perusahaan\": \"ya/tidak\",\r\n    \"kenalan\": {\r\n      \"nama\": \"Orang 1\",\r\n      \"alamat\": \"Alamat 1\",\r\n      \"jabatan\": \"Pegawai Marketing\"\r\n    }\r\n  },\r\n  \"pelatihan_kerja\": \"ya/tidak\",\r\n  \"tujuan_kerja\": \"saya ingin kerja karena ini\",\r\n  \"kendaraan\": {\r\n    \"keterangan\": \"Mobil L 1234 AB\",\r\n    \"kepemilikan\": \"pribadi/ortu/saudara/dll\"\r\n  },\r\n  \"hobi\": \"hobi sayaaaaa\",\r\n  \"harapan_gaji\": \"ah saya mau gaji 10jt per hari\",\r\n  \"masalah_hukum\": \"pernah masalah hukum ga yaa hmmm\",\r\n  \"kelebihan\": \"kelebihan saya pertama adalah\",\r\n  \"kekurangan\": \"kekurangan saya pertama adalah\",\r\n  \"kepuasan_keadaan_diri\": \"saya sangat puas\",\r\n  \"prestasi\": [\r\n    {\r\n      \"jenis\": \"binaraga\",\r\n      \"bidang\": \"olahraga\",\r\n      \"tahun\": \"2022\"\r\n    },\r\n    {\r\n      \"jenis\": \"aktor terbaik\",\r\n      \"bidang\": \"film\",\r\n      \"tahun\": \"2019\"\r\n    }\r\n  ],\r\n  \"seni_dikuasai\": {\r\n    \"jenis\": [\"musik\", \"suara\", \"lukisan\"]\r\n  },\r\n  \"orang_terdekat\": [\r\n    {\r\n      \"nama\": \"Orang 1\",\r\n      \"alamat\": \"Alamat 1\",\r\n      \"telepon\": \"0812345678\"\r\n    },\r\n    {\r\n      \"nama\": \"Orang 2\",\r\n      \"alamat\": \"Alamat 2\",\r\n      \"telepon\": \"0812345678\"\r\n    }\r\n  ],\r\n  \"tanggal_biodata\": \"Malang, 20 Januari 2022\"\r\n}\r\n',1,'2022-01-17 16:51:30','2022-01-17 16:51:30'),
('admin@admin.com','',1,'2022-03-29 02:30:51','2022-03-29 02:30:51'),
('b@b.com','{\r\n  \"nama_lengkap\": \"Lawrence Patrick Sianto\",\r\n  \"nama_panggilan\": \"Lawrence\",\r\n  \"alamat_ktp\": \"Jalan Jalan II\",\r\n  \"alamat_skg\": \"Jalan Jalan III\",\r\n  \"no_hp\": \"0812345678\",\r\n  \"ttl\": \"Surabaya, 01 Januari 1970\",\r\n  \"kewarganegaraan\": \"WNI\",\r\n  \"suku\": \"tionghoa\",\r\n  \"agama\": \"kristen\",\r\n  \"usia\": \"20\",\r\n  \"tinggi_badan\": \"164\",\r\n  \"berat_badan\": \"50.2\",\r\n  \"no_identitas\": \"981231515214561\",\r\n  \"golongan_darah\": \"O\",\r\n  \"no_npwp\": \"123456789\",\r\n  \"email\": \"abc@def.com\",\r\n  \"kesehatan\": {\r\n    \"keadaan\": \"baik/kurang sesuai\",\r\n    \"cacat\": \"ya/tidak\",\r\n    \"sakit_keras\": \"ya/tidak\",\r\n    \"kapan\": \"-/januari 2022\"\r\n  },\r\n  \"status_nikah\": {\r\n    \"menikah\": \"ya/tidak\",\r\n    \"nama_suami_istri\": \"perempuan laki\",\r\n    \"nama_anak\": \"anak saya\"\r\n  },\r\n  \"pendidikan\": [\r\n    {\r\n      \"tingkat\": \"SMP\",\r\n      \"jurusan\": \"IPA\",\r\n      \"nama_sekolah\": \"SMP MASA BODO\",\r\n      \"kota\": \"Surabaya\",\r\n      \"tahun_lulus\": \"2021\"\r\n    },\r\n    {\r\n      \"tingkat\": \"SMA\",\r\n      \"jurusan\": \"IPA\",\r\n      \"nama_sekolah\": \"SMA MASA SIH\",\r\n      \"kota\": \"Surabaya\",\r\n      \"tahun_lulus\": \"2022\"\r\n    }\r\n  ],\r\n  \"alasan_bekerja\": \"ini deskripsi bla bla bla bla bla\",\r\n  \"keluarga\": {\r\n    \"orang_tua\": [\r\n      {\r\n        \"nama\": \"Orang Tua 1\",\r\n        \"ttl\": \"Surabaya, 01 Januari 1970\",\r\n        \"alamat\": \"Jalan Alamat 1\",\r\n        \"pendidikan\": \"SMA\",\r\n        \"pekerjaan\": \"Ibu Rumah Tangga\"\r\n      },\r\n      {\r\n        \"nama\": \"Orang Tua 2\",\r\n        \"ttl\": \"Surabaya, 01 Januari 1970\",\r\n        \"alamat\": \"Jalan Alamat 2\",\r\n        \"pendidikan\": \"SMA\",\r\n        \"pekerjaan\": \"Arsitek\"\r\n      }\r\n    ],\r\n    \"istri_suami\": [\r\n      {\r\n        \"nama\": \"Suami 1\",\r\n        \"ttl\": \"Surabaya, 01 Januari 1970\",\r\n        \"alamat\": \"Jalan Alamat 3\",\r\n        \"pendidikan\": \"SMA\",\r\n        \"pekerjaan\": \"Chef\"\r\n      },\r\n      {\r\n        \"nama\": \"Istri 1\",\r\n        \"ttl\": \"Surabaya, 01 Januari 1970\",\r\n        \"alamat\": \"Jalan Alamat 4\",\r\n        \"pendidikan\": \"SMA\",\r\n        \"pekerjaan\": \"Dokter\"\r\n      }\r\n    ],\r\n    \"anak_kandung\": [\r\n      {\r\n        \"nama\": \"Anak 1\",\r\n        \"ttl\": \"Surabaya, 01 Januari 1970\",\r\n        \"alamat\": \"Jalan Alamat 4\",\r\n        \"pendidikan\": \"SMA\",\r\n        \"pekerjaan\": \"Chef\"\r\n      },\r\n      {\r\n        \"nama\": \"Anak 2\",\r\n        \"ttl\": \"Surabaya, 01 Januari 1970\",\r\n        \"alamat\": \"Jalan Alamat 5\",\r\n        \"pendidikan\": \"SMA\",\r\n        \"pekerjaan\": \"Dosen\"\r\n      }\r\n    ],\r\n    \"saudara_kandung\": [\r\n      {\r\n        \"nama\": \"Saudara 1\",\r\n        \"ttl\": \"Surabaya, 01 Januari 1970\",\r\n        \"alamat\": \"Jalan Alamat 6\",\r\n        \"pendidikan\": \"SMA\",\r\n        \"pekerjaan\": \"Guru\"\r\n      },\r\n      {\r\n        \"nama\": \"Saudara 2\",\r\n        \"ttl\": \"Surabaya, 01 Januari 1970\",\r\n        \"alamat\": \"Jalan Alamat 7\",\r\n        \"pendidikan\": \"SMA\",\r\n        \"pekerjaan\": \"Penjual Jamu\"\r\n      }\r\n    ]\r\n  },\r\n  \"riwayat_pekerjaan\": {\r\n    \"riwayat\": [\r\n      {\r\n        \"dari\": \"01 Januari 1970\",\r\n        \"sampai\": \"02 Januari 1970\",\r\n        \"nama_perusahaan\": \"PT ABADI ABADI\",\r\n        \"kota\": \"Pasuruan\",\r\n        \"bidang_usaha\": \"Pertanian\",\r\n        \"jabatan\": \"Manager Agrikultur\"\r\n      },\r\n      {\r\n        \"dari\": \"01 Januari 1970\",\r\n        \"sampai\": \"02 Januari 1970\",\r\n        \"nama_perusahaan\": \"PT MAKMUR MAKMUR\",\r\n        \"kota\": \"Bojonegoro\",\r\n        \"bidang_usaha\": \"Perikanan\",\r\n        \"jabatan\": \"Manager Lele\"\r\n      }\r\n    ],\r\n    \"gaji_diperoleh\": \"saya di perusahaan a dibayar sebanyak 7jt tapi di perusahaan b saya ga digaji\",\r\n    \"alasan_berhenti\": \"di perusahaan a saya ketauan mencuri 10 gagang sapu tapi di perusahaan b saya ga sengaja bakar ruangan bos saya\"\r\n  },\r\n  \"training_kursus\": [\r\n    {\r\n      \"materi\": \"Materi 1\",\r\n      \"penyelenggara\": \"UD SEJAHTERA ABADI\",\r\n      \"tahun\": \"2022\",\r\n      \"tempat\": \"Alamat 1\"\r\n    },\r\n    {\r\n      \"materi\": \"Materi 2\",\r\n      \"penyelenggara\": \"UD SEJAHTERA ABADI\",\r\n      \"tahun\": \"2023\",\r\n      \"tempat\": \"Alamat 2\"\r\n    }\r\n  ],\r\n  \"organisasi\": [\r\n    {\r\n      \"nama\": \"Organisasai 1\",\r\n      \"tempat\": \"ISTTS\",\r\n      \"masa\": \"2002-2010\",\r\n      \"jabatan\": \"Ketua Provinsional\"\r\n    },\r\n    {\r\n      \"nama\": \"Organisasai 2\",\r\n      \"tempat\": \"ITS\",\r\n      \"masa\": \"1970-2022\",\r\n      \"jabatan\": \"Jabatan Menjamin Kesejahteraan\"\r\n    }\r\n  ],\r\n  \"bahasa_dikuasai\": [\r\n    {\r\n      \"bahasa\": \"Indonesia\",\r\n      \"berbicara\": \"kurang/cukup/baik\",\r\n      \"menulis\": \"kurang/cukup/baik\",\r\n      \"mendengar\": \"kurang/cukup/baik\"\r\n    }\r\n  ],\r\n  \"keterangan_kerja\": {\r\n    \"lama_berhenti_kerja\": \"kira-kira 10 tahun sebelum\",\r\n    \"bisa_mulai_bekerja\": \"sekarang bole\",\r\n    \"kenalan_perusahaan\": \"ya/tidak\",\r\n    \"kenalan\": {\r\n      \"nama\": \"Orang 1\",\r\n      \"alamat\": \"Alamat 1\",\r\n      \"jabatan\": \"Pegawai Marketing\"\r\n    }\r\n  },\r\n  \"pelatihan_kerja\": \"ya/tidak\",\r\n  \"tujuan_kerja\": \"saya ingin kerja karena ini\",\r\n  \"kendaraan\": {\r\n    \"keterangan\": \"Mobil L 1234 AB\",\r\n    \"kepemilikan\": \"pribadi/ortu/saudara/dll\"\r\n  },\r\n  \"hobi\": \"hobi sayaaaaa\",\r\n  \"harapan_gaji\": \"ah saya mau gaji 10jt per hari\",\r\n  \"masalah_hukum\": \"pernah masalah hukum ga yaa hmmm\",\r\n  \"kelebihan\": \"kelebihan saya pertama adalah\",\r\n  \"kekurangan\": \"kekurangan saya pertama adalah\",\r\n  \"kepuasan_keadaan_diri\": \"saya sangat puas\",\r\n  \"prestasi\": [\r\n    {\r\n      \"jenis\": \"binaraga\",\r\n      \"bidang\": \"olahraga\",\r\n      \"tahun\": \"2022\"\r\n    },\r\n    {\r\n      \"jenis\": \"aktor terbaik\",\r\n      \"bidang\": \"film\",\r\n      \"tahun\": \"2019\"\r\n    }\r\n  ],\r\n  \"seni_dikuasai\": {\r\n    \"jenis\": [\"musik\", \"suara\", \"lukisan\"]\r\n  },\r\n  \"orang_terdekat\": [\r\n    {\r\n      \"nama\": \"Orang 1\",\r\n      \"alamat\": \"Alamat 1\",\r\n      \"telepon\": \"0812345678\"\r\n    },\r\n    {\r\n      \"nama\": \"Orang 2\",\r\n      \"alamat\": \"Alamat 2\",\r\n      \"telepon\": \"0812345678\"\r\n    }\r\n  ],\r\n  \"tanggal_biodata\": \"Malang, 20 Januari 2022\"\r\n}\r\n',1,'2022-01-17 16:51:30','2022-01-17 16:51:30'),
('c13180041@john.petra.ac.id','',1,'2022-03-25 10:01:27','2022-03-25 10:01:27'),
('C13180049@john.petra.ac.id','',1,'2022-03-25 10:01:27','2022-03-25 10:01:27'),
('C13180088@john.petra.ac.id','',1,'2022-03-25 10:01:27','2022-03-25 10:01:27'),
('c13180107@john.petra.ac.id','',1,'2022-03-25 10:01:27','2022-03-25 10:01:27'),
('c13180139@john.petra.ac.id','',1,'2022-03-25 10:01:27','2022-03-25 10:01:27'),
('c13180151@john.petra.ac.id','',1,'2022-03-25 10:01:27','2022-03-25 10:01:27'),
('c@c.com','{\"nama_lengkap\":\"Nurhadi Alim\",\"nama_panggilan\":\"Lawrence\",\"alamat_ktp\":\"Jalan Jalan II\",\"alamat_skg\":\"Jalan Jalan III\",\"no_hp\":\"0812345678\",\"ttl\":\"Surabaya, 01 Januari 1970\",\"kewarganegaraan\":\"WNI\",\"suku\":\"tionghoa\",\"agama\":\"kristen\",\"usia\":\"20\",\"tinggi_badan\":\"164\",\"berat_badan\":\"50.2\",\"no_identitas\":\"981231515214561\",\"golongan_darah\":\"O\",\"no_npwp\":\"123456789\",\"email\":\"abc@def.com\",\"kesehatan\":{\"keadaan\":\"baik/kurang sesuai\",\"cacat\":\"ya/tidak\",\"sakit_keras\":\"ya/tidak\",\"kapan\":\"-/januari 2022\"},\"status_nikah\":{\"menikah\":\"ya/tidak\",\"nama_suami_istri\":\"perempuan laki\",\"nama_anak\":\"anak saya\"},\"pendidikan\":[{\"tingkat\":\"SMP\",\"jurusan\":\"IPA\",\"nama_sekolah\":\"SMP MASA BODO\",\"kota\":\"Surabaya\",\"tahun_lulus\":\"2021\"},{\"tingkat\":\"SMA\",\"jurusan\":\"IPA\",\"nama_sekolah\":\"SMA MASA SIH\",\"kota\":\"Surabaya\",\"tahun_lulus\":\"2022\"}],\"alasan_bekerja\":\"ini deskripsi bla bla bla bla bla\",\"keluarga\":{\"orang_tua\":[{\"nama\":\"Orang Tua 1\",\"ttl\":\"Surabaya, 01 Januari 1970\",\"alamat\":\"Jalan Alamat 1\",\"pendidikan\":\"SMA\",\"pekerjaan\":\"Ibu Rumah Tangga\"},{\"nama\":\"Orang Tua 2\",\"ttl\":\"Surabaya, 01 Januari 1970\",\"alamat\":\"Jalan Alamat 2\",\"pendidikan\":\"SMA\",\"pekerjaan\":\"Arsitek\"}],\"istri_suami\":[{\"nama\":\"Suami 1\",\"ttl\":\"Surabaya, 01 Januari 1970\",\"alamat\":\"Jalan Alamat 3\",\"pendidikan\":\"SMA\",\"pekerjaan\":\"Chef\"},{\"nama\":\"Istri 1\",\"ttl\":\"Surabaya, 01 Januari 1970\",\"alamat\":\"Jalan Alamat 4\",\"pendidikan\":\"SMA\",\"pekerjaan\":\"Dokter\"}],\"anak_kandung\":[{\"nama\":\"Anak 1\",\"ttl\":\"Surabaya, 01 Januari 1970\",\"alamat\":\"Jalan Alamat 4\",\"pendidikan\":\"SMA\",\"pekerjaan\":\"Chef\"},{\"nama\":\"Anak 2\",\"ttl\":\"Surabaya, 01 Januari 1970\",\"alamat\":\"Jalan Alamat 5\",\"pendidikan\":\"SMA\",\"pekerjaan\":\"Dosen\"}],\"saudara_kandung\":[{\"nama\":\"Saudara 1\",\"ttl\":\"Surabaya, 01 Januari 1970\",\"alamat\":\"Jalan Alamat 6\",\"pendidikan\":\"SMA\",\"pekerjaan\":\"Guru\"},{\"nama\":\"Saudara 2\",\"ttl\":\"Surabaya, 01 Januari 1970\",\"alamat\":\"Jalan Alamat 7\",\"pendidikan\":\"SMA\",\"pekerjaan\":\"Penjual Jamu\"}]},\"riwayat_pekerjaan\":{\"riwayat\":[{\"dari\":\"01 Januari 1970\",\"sampai\":\"02 Januari 1970\",\"nama_perusahaan\":\"PT ABADI ABADI\",\"kota\":\"Pasuruan\",\"bidang_usaha\":\"Pertanian\",\"jabatan\":\"Manager Agrikultur\"},{\"dari\":\"01 Januari 1970\",\"sampai\":\"02 Januari 1970\",\"nama_perusahaan\":\"PT MAKMUR MAKMUR\",\"kota\":\"Bojonegoro\",\"bidang_usaha\":\"Perikanan\",\"jabatan\":\"Manager Lele\"}],\"gaji_diperoleh\":\"saya di perusahaan a dibayar sebanyak 7jt tapi di perusahaan b saya ga digaji\",\"alasan_berhenti\":\"di perusahaan a saya ketauan mencuri 10 gagang sapu tapi di perusahaan b saya ga sengaja bakar ruangan bos saya\"},\"training_kursus\":[{\"materi\":\"Materi 1\",\"penyelenggara\":\"UD SEJAHTERA ABADI\",\"tahun\":\"2022\",\"tempat\":\"Alamat 1\"},{\"materi\":\"Materi 2\",\"penyelenggara\":\"UD SEJAHTERA ABADI\",\"tahun\":\"2023\",\"tempat\":\"Alamat 2\"}],\"organisasi\":[{\"nama\":\"Organisasai 1\",\"tempat\":\"ISTTS\",\"masa\":\"2002-2010\",\"jabatan\":\"Ketua Provinsional\"},{\"nama\":\"Organisasai 2\",\"tempat\":\"ITS\",\"masa\":\"1970-2022\",\"jabatan\":\"Jabatan Menjamin Kesejahteraan\"}],\"bahasa_dikuasai\":[{\"bahasa\":\"Indonesia\",\"berbicara\":\"kurang/cukup/baik\",\"menulis\":\"kurang/cukup/baik\",\"mendengar\":\"kurang/cukup/baik\"}],\"keterangan_kerja\":{\"lama_berhenti_kerja\":\"kira-kira 10 tahun sebelum\",\"bisa_mulai_bekerja\":\"sekarang bole\",\"kenalan_perusahaan\":\"ya/tidak\",\"kenalan\":{\"nama\":\"Orang 1\",\"alamat\":\"Alamat 1\",\"jabatan\":\"Pegawai Marketing\"}},\"pelatihan_kerja\":\"ya/tidak\",\"tujuan_kerja\":\"saya ingin kerja karena ini\",\"kendaraan\":{\"keterangan\":\"Mobil L 1234 AB\",\"kepemilikan\":\"pribadi/ortu/saudara/dll\"},\"hobi\":\"hobi sayaaaaa\",\"harapan_gaji\":\"ah saya mau gaji 10jt per hari\",\"masalah_hukum\":\"pernah masalah hukum ga yaa hmmm\",\"kelebihan\":\"kelebihan saya pertama adalah\",\"kekurangan\":\"kekurangan saya pertama adalah\",\"kepuasan_keadaan_diri\":\"saya sangat puas\",\"prestasi\":[{\"jenis\":\"binaraga\",\"bidang\":\"olahraga\",\"tahun\":\"2022\"},{\"jenis\":\"aktor terbaik\",\"bidang\":\"film\",\"tahun\":\"2019\"}],\"seni_dikuasai\":{\"jenis\":[\"musik\",\"suara\",\"lukisan\"]},\"orang_terdekat\":[{\"nama\":\"Orang 1\",\"alamat\":\"Alamat 1\",\"telepon\":\"0812345678\"},{\"nama\":\"Orang 2\",\"alamat\":\"Alamat 2\",\"telepon\":\"0812345678\"}],\"tanggal_biodata\":\"Malang, 20 Januari 2022\"}',1,'2022-01-29 16:25:20','2022-01-29 16:27:05'),
('cobaa@coba.com','',1,'2022-03-23 08:23:04','2022-03-23 08:23:04'),
('d@d.com','{\"nama_lengkap\":\"Lawrence Patrick Sianto\",\"nama_panggilan\":\"Lawrence\",\"alamat_ktp\":\"Jalan Jalan II\",\"alamat_skg\":\"Jalan Jalan III\",\"no_hp\":\"0812345678\",\"ttl\":\"Surabaya, 01 Januari 1970\",\"kewarganegaraan\":\"WNI\",\"suku\":\"tionghoa\",\"agama\":\"kristen\",\"usia\":\"20\",\"tinggi_badan\":\"164\",\"berat_badan\":\"50.2\",\"no_identitas\":\"981231515214561\",\"golongan_darah\":\"O\",\"no_npwp\":\"123456789\",\"email\":\"abc@def.com\",\"kesehatan\":{\"keadaan\":\"baik/kurang sesuai\",\"cacat\":\"ya/tidak\",\"sakit_keras\":\"ya/tidak\",\"kapan\":\"-/januari 2022\"},\"status_nikah\":{\"menikah\":\"ya/tidak\",\"nama_suami_istri\":\"perempuan laki\",\"nama_anak\":\"anak saya\"},\"pendidikan\":[{\"tingkat\":\"SMP\",\"jurusan\":\"IPA\",\"nama_sekolah\":\"SMP MASA BODO\",\"kota\":\"Surabaya\",\"tahun_lulus\":\"2021\"},{\"tingkat\":\"SMA\",\"jurusan\":\"IPA\",\"nama_sekolah\":\"SMA MASA SIH\",\"kota\":\"Surabaya\",\"tahun_lulus\":\"2022\"}],\"alasan_bekerja\":\"ini deskripsi bla bla bla bla bla\",\"keluarga\":{\"orang_tua\":[{\"nama\":\"Orang Tua 1\",\"ttl\":\"Surabaya, 01 Januari 1970\",\"alamat\":\"Jalan Alamat 1\",\"pendidikan\":\"SMA\",\"pekerjaan\":\"Ibu Rumah Tangga\"},{\"nama\":\"Orang Tua 2\",\"ttl\":\"Surabaya, 01 Januari 1970\",\"alamat\":\"Jalan Alamat 2\",\"pendidikan\":\"SMA\",\"pekerjaan\":\"Arsitek\"}],\"istri_suami\":[{\"nama\":\"Suami 1\",\"ttl\":\"Surabaya, 01 Januari 1970\",\"alamat\":\"Jalan Alamat 3\",\"pendidikan\":\"SMA\",\"pekerjaan\":\"Chef\"},{\"nama\":\"Istri 1\",\"ttl\":\"Surabaya, 01 Januari 1970\",\"alamat\":\"Jalan Alamat 4\",\"pendidikan\":\"SMA\",\"pekerjaan\":\"Dokter\"}],\"anak_kandung\":[{\"nama\":\"Anak 1\",\"ttl\":\"Surabaya, 01 Januari 1970\",\"alamat\":\"Jalan Alamat 4\",\"pendidikan\":\"SMA\",\"pekerjaan\":\"Chef\"},{\"nama\":\"Anak 2\",\"ttl\":\"Surabaya, 01 Januari 1970\",\"alamat\":\"Jalan Alamat 5\",\"pendidikan\":\"SMA\",\"pekerjaan\":\"Dosen\"}],\"saudara_kandung\":[{\"nama\":\"Saudara 1\",\"ttl\":\"Surabaya, 01 Januari 1970\",\"alamat\":\"Jalan Alamat 6\",\"pendidikan\":\"SMA\",\"pekerjaan\":\"Guru\"},{\"nama\":\"Saudara 2\",\"ttl\":\"Surabaya, 01 Januari 1970\",\"alamat\":\"Jalan Alamat 7\",\"pendidikan\":\"SMA\",\"pekerjaan\":\"Penjual Jamu\"}]},\"riwayat_pekerjaan\":{\"riwayat\":[{\"dari\":\"01 Januari 1970\",\"sampai\":\"02 Januari 1970\",\"nama_perusahaan\":\"PT ABADI ABADI\",\"kota\":\"Pasuruan\",\"bidang_usaha\":\"Pertanian\",\"jabatan\":\"Manager Agrikultur\"},{\"dari\":\"01 Januari 1970\",\"sampai\":\"02 Januari 1970\",\"nama_perusahaan\":\"PT MAKMUR MAKMUR\",\"kota\":\"Bojonegoro\",\"bidang_usaha\":\"Perikanan\",\"jabatan\":\"Manager Lele\"}],\"gaji_diperoleh\":\"saya di perusahaan a dibayar sebanyak 7jt tapi di perusahaan b saya ga digaji\",\"alasan_berhenti\":\"di perusahaan a saya ketauan mencuri 10 gagang sapu tapi di perusahaan b saya ga sengaja bakar ruangan bos saya\"},\"training_kursus\":[{\"materi\":\"Materi 1\",\"penyelenggara\":\"UD SEJAHTERA ABADI\",\"tahun\":\"2022\",\"tempat\":\"Alamat 1\"},{\"materi\":\"Materi 2\",\"penyelenggara\":\"UD SEJAHTERA ABADI\",\"tahun\":\"2023\",\"tempat\":\"Alamat 2\"}],\"organisasi\":[{\"nama\":\"Organisasai 1\",\"tempat\":\"ISTTS\",\"masa\":\"2002-2010\",\"jabatan\":\"Ketua Provinsional\"},{\"nama\":\"Organisasai 2\",\"tempat\":\"ITS\",\"masa\":\"1970-2022\",\"jabatan\":\"Jabatan Menjamin Kesejahteraan\"}],\"bahasa_dikuasai\":[{\"bahasa\":\"Indonesia\",\"berbicara\":\"kurang/cukup/baik\",\"menulis\":\"kurang/cukup/baik\",\"mendengar\":\"kurang/cukup/baik\"}],\"keterangan_kerja\":{\"lama_berhenti_kerja\":\"kira-kira 10 tahun sebelum\",\"bisa_mulai_bekerja\":\"sekarang bole\",\"kenalan_perusahaan\":\"ya/tidak\",\"kenalan\":{\"nama\":\"Orang 1\",\"alamat\":\"Alamat 1\",\"jabatan\":\"Pegawai Marketing\"}},\"pelatihan_kerja\":\"ya/tidak\",\"tujuan_kerja\":\"saya ingin kerja karena ini\",\"kendaraan\":{\"keterangan\":\"Mobil L 1234 AB\",\"kepemilikan\":\"pribadi/ortu/saudara/dll\"},\"hobi\":\"hobi sayaaaaa\",\"harapan_gaji\":\"ah saya mau gaji 10jt per hari\",\"masalah_hukum\":\"pernah masalah hukum ga yaa hmmm\",\"kelebihan\":\"kelebihan saya pertama adalah\",\"kekurangan\":\"kekurangan saya pertama adalah\",\"kepuasan_keadaan_diri\":\"saya sangat puas\",\"prestasi\":[{\"jenis\":\"binaraga\",\"bidang\":\"olahraga\",\"tahun\":\"2022\"},{\"jenis\":\"aktor terbaik\",\"bidang\":\"film\",\"tahun\":\"2019\"}],\"seni_dikuasai\":{\"jenis\":[\"musik\",\"suara\",\"lukisan\"]},\"orang_terdekat\":[{\"nama\":\"Orang 1\",\"alamat\":\"Alamat 1\",\"telepon\":\"0812345678\"},{\"nama\":\"Orang 2\",\"alamat\":\"Alamat 2\",\"telepon\":\"0812345678\"}],\"tanggal_biodata\":\"Malang, 20 Januari 2022\"}',1,'2022-01-30 09:44:09','2022-01-30 09:44:09'),
('e@e.com','{\"nama_lengkap\":\"Lawrence Patrick Sianto\",\"nama_panggilan\":\"Lawrence\",\"alamat_ktp\":\"Jalan Jalan II\",\"alamat_skg\":\"Jalan Jalan III\",\"no_hp\":\"0812345678\",\"ttl\":\"Surabaya, 01 Januari 1970\",\"kewarganegaraan\":\"WNI\",\"suku\":\"tionghoa\",\"agama\":\"kristen\",\"usia\":\"20\",\"tinggi_badan\":\"164\",\"berat_badan\":\"50.2\",\"no_identitas\":\"981231515214561\",\"golongan_darah\":\"O\",\"no_npwp\":\"123456789\",\"email\":\"abc@def.com\",\"kesehatan\":{\"keadaan\":\"baik/kurang sesuai\",\"cacat\":\"ya/tidak\",\"sakit_keras\":\"ya/tidak\",\"kapan\":\"-/januari 2022\"},\"status_nikah\":{\"menikah\":\"ya/tidak\",\"nama_suami_istri\":\"perempuan laki\",\"nama_anak\":\"anak saya\"},\"pendidikan\":[{\"tingkat\":\"SMP\",\"jurusan\":\"IPA\",\"nama_sekolah\":\"SMP MASA BODO\",\"kota\":\"Surabaya\",\"tahun_lulus\":\"2021\"},{\"tingkat\":\"SMA\",\"jurusan\":\"IPA\",\"nama_sekolah\":\"SMA MASA SIH\",\"kota\":\"Surabaya\",\"tahun_lulus\":\"2022\"}],\"alasan_bekerja\":\"ini deskripsi bla bla bla bla bla\",\"keluarga\":{\"orang_tua\":[{\"nama\":\"Orang Tua 1\",\"ttl\":\"Surabaya, 01 Januari 1970\",\"alamat\":\"Jalan Alamat 1\",\"pendidikan\":\"SMA\",\"pekerjaan\":\"Ibu Rumah Tangga\"},{\"nama\":\"Orang Tua 2\",\"ttl\":\"Surabaya, 01 Januari 1970\",\"alamat\":\"Jalan Alamat 2\",\"pendidikan\":\"SMA\",\"pekerjaan\":\"Arsitek\"}],\"istri_suami\":[{\"nama\":\"Suami 1\",\"ttl\":\"Surabaya, 01 Januari 1970\",\"alamat\":\"Jalan Alamat 3\",\"pendidikan\":\"SMA\",\"pekerjaan\":\"Chef\"},{\"nama\":\"Istri 1\",\"ttl\":\"Surabaya, 01 Januari 1970\",\"alamat\":\"Jalan Alamat 4\",\"pendidikan\":\"SMA\",\"pekerjaan\":\"Dokter\"}],\"anak_kandung\":[{\"nama\":\"Anak 1\",\"ttl\":\"Surabaya, 01 Januari 1970\",\"alamat\":\"Jalan Alamat 4\",\"pendidikan\":\"SMA\",\"pekerjaan\":\"Chef\"},{\"nama\":\"Anak 2\",\"ttl\":\"Surabaya, 01 Januari 1970\",\"alamat\":\"Jalan Alamat 5\",\"pendidikan\":\"SMA\",\"pekerjaan\":\"Dosen\"}],\"saudara_kandung\":[{\"nama\":\"Saudara 1\",\"ttl\":\"Surabaya, 01 Januari 1970\",\"alamat\":\"Jalan Alamat 6\",\"pendidikan\":\"SMA\",\"pekerjaan\":\"Guru\"},{\"nama\":\"Saudara 2\",\"ttl\":\"Surabaya, 01 Januari 1970\",\"alamat\":\"Jalan Alamat 7\",\"pendidikan\":\"SMA\",\"pekerjaan\":\"Penjual Jamu\"}]},\"riwayat_pekerjaan\":{\"riwayat\":[{\"dari\":\"01 Januari 1970\",\"sampai\":\"02 Januari 1970\",\"nama_perusahaan\":\"PT ABADI ABADI\",\"kota\":\"Pasuruan\",\"bidang_usaha\":\"Pertanian\",\"jabatan\":\"Manager Agrikultur\"},{\"dari\":\"01 Januari 1970\",\"sampai\":\"02 Januari 1970\",\"nama_perusahaan\":\"PT MAKMUR MAKMUR\",\"kota\":\"Bojonegoro\",\"bidang_usaha\":\"Perikanan\",\"jabatan\":\"Manager Lele\"}],\"gaji_diperoleh\":\"saya di perusahaan a dibayar sebanyak 7jt tapi di perusahaan b saya ga digaji\",\"alasan_berhenti\":\"di perusahaan a saya ketauan mencuri 10 gagang sapu tapi di perusahaan b saya ga sengaja bakar ruangan bos saya\"},\"training_kursus\":[{\"materi\":\"Materi 1\",\"penyelenggara\":\"UD SEJAHTERA ABADI\",\"tahun\":\"2022\",\"tempat\":\"Alamat 1\"},{\"materi\":\"Materi 2\",\"penyelenggara\":\"UD SEJAHTERA ABADI\",\"tahun\":\"2023\",\"tempat\":\"Alamat 2\"}],\"organisasi\":[{\"nama\":\"Organisasai 1\",\"tempat\":\"ISTTS\",\"masa\":\"2002-2010\",\"jabatan\":\"Ketua Provinsional\"},{\"nama\":\"Organisasai 2\",\"tempat\":\"ITS\",\"masa\":\"1970-2022\",\"jabatan\":\"Jabatan Menjamin Kesejahteraan\"}],\"bahasa_dikuasai\":[{\"bahasa\":\"Indonesia\",\"berbicara\":\"kurang/cukup/baik\",\"menulis\":\"kurang/cukup/baik\",\"mendengar\":\"kurang/cukup/baik\"}],\"keterangan_kerja\":{\"lama_berhenti_kerja\":\"kira-kira 10 tahun sebelum\",\"bisa_mulai_bekerja\":\"sekarang bole\",\"kenalan_perusahaan\":\"ya/tidak\",\"kenalan\":{\"nama\":\"Orang 1\",\"alamat\":\"Alamat 1\",\"jabatan\":\"Pegawai Marketing\"}},\"pelatihan_kerja\":\"ya/tidak\",\"tujuan_kerja\":\"saya ingin kerja karena ini\",\"kendaraan\":{\"keterangan\":\"Mobil L 1234 AB\",\"kepemilikan\":\"pribadi/ortu/saudara/dll\"},\"hobi\":\"hobi sayaaaaa\",\"harapan_gaji\":\"ah saya mau gaji 10jt per hari\",\"masalah_hukum\":\"pernah masalah hukum ga yaa hmmm\",\"kelebihan\":\"kelebihan saya pertama adalah\",\"kekurangan\":\"kekurangan saya pertama adalah\",\"kepuasan_keadaan_diri\":\"saya sangat puas\",\"prestasi\":[{\"jenis\":\"binaraga\",\"bidang\":\"olahraga\",\"tahun\":\"2022\"},{\"jenis\":\"aktor terbaik\",\"bidang\":\"film\",\"tahun\":\"2019\"}],\"seni_dikuasai\":{\"jenis\":[\"musik\",\"suara\",\"lukisan\"]},\"orang_terdekat\":[{\"nama\":\"Orang 1\",\"alamat\":\"Alamat 1\",\"telepon\":\"0812345678\"},{\"nama\":\"Orang 2\",\"alamat\":\"Alamat 2\",\"telepon\":\"0812345678\"}],\"tanggal_biodata\":\"Malang, 20 Januari 2022\"}',1,'2022-01-30 10:01:19','2022-01-30 10:01:19'),
('g@g.com','',1,'2022-03-25 02:33:38','2022-03-25 02:33:38'),
('z@z.com','',1,'2022-03-25 02:33:38','2022-03-25 02:33:38');

/*Table structure for table `section` */

DROP TABLE IF EXISTS `section`;

CREATE TABLE `section` (
  `id` bigint(20) NOT NULL AUTO_INCREMENT,
  `test_id` bigint(20) NOT NULL,
  `section_number` int(20) NOT NULL,
  `instruction` varchar(1000) NOT NULL,
  `duration` int(10) NOT NULL COMMENT 'in minutes',
  `section_type` varchar(255) NOT NULL COMMENT '1: essay, 2 : multiple choice',
  `question_type` varchar(255) NOT NULL COMMENT '1: text,  2: image',
  `option_num` int(10) NOT NULL,
  `status` int(10) NOT NULL DEFAULT 1 COMMENT '1: available, 0: deleted',
  `createdAt` datetime NOT NULL,
  `updatedAt` datetime NOT NULL,
  PRIMARY KEY (`id`)
) ENGINE=InnoDB AUTO_INCREMENT=56 DEFAULT CHARSET=utf8mb4;

/*Data for the table `section` */

insert  into `section`(`id`,`test_id`,`section_number`,`instruction`,`duration`,`section_type`,`question_type`,`option_num`,`status`,`createdAt`,`updatedAt`) values 
(1,1,1,'Di persoalan pertama sudah terdapat 10 nomer. Tugas anda adalah menjawab dengan JELAS, SINGKAT, TETAPI LENGKAP. silahkan jabawannya anda tuliskan di lembar jawaban yang sudah disediakan',10,'1','1',1,1,'2022-01-17 16:51:30','2022-01-17 16:51:30'),
(2,1,2,'Untuk persoalan berikutnya. sudah terdapat 40 soal. Di tiap soal sudah disediakan pilihan jawabannya. Tugas anda tinggal memilih satu yang paling benar',7,'2','1',4,1,'2022-01-23 14:06:16','2022-01-23 16:06:32'),
(3,1,3,'Di persoalan ke 3 sudah terdapat 40 soal. Di tiap soal juga sudah disediakan pilihan jawabannya. Tugas anda adalah memilih PASANGAN KATA YANG SESUAI DENGAN POLA PASANGAN KATA YANG ADA DI DEPANNYA.',5,'2','1',4,1,'2022-01-17 16:51:30','2022-01-17 16:51:30'),
(4,1,4,'Di persoalan berikutnya, sudah terdapat 20 soal. Di tiap soal sudah di sediakan pilihan jawabannya. Tugas anda tinggal memilih 1 yang paling benar.',3,'2','1',3,1,'2022-01-23 07:32:48','2022-01-23 07:32:48'),
(5,1,5,'Di persoalan ke 5 merupakan soal cerita hitungan. Nanti silahkan di baca, dihitung, dan di tulis jawbannya di lembar jawaban yang sudah disediakan. silahkan di tulis angkanya saja, satuannya tidak perlu.',7,'1','1',1,1,'2022-01-23 07:33:13','2022-01-23 07:33:13'),
(6,1,6,'Sudah terdapat 30 soal deret hitung. Dimana setiap soal terdiri dari deretan angka. Tugas anda adalah melanjutkan angka tersebut akan menjadi angka berapa dan berapa.',10,'1','1',2,1,'2022-01-23 07:36:53','2022-01-23 07:36:53'),
(7,1,7,'Di persoalan berikutnya sudah terdapat 20 soal. Di setiap soal sudah disediakan pilihan jawabannya. Tugas anda tinggal memilih 1 yang paling benar',5,'2','1',5,1,'2022-01-23 14:40:14','2022-01-23 14:40:14'),
(8,1,8,'Di tiap nomer sudah terdapat 5 kata. Tugas anda adalah memilih 1 kata yang artinya paling berbeda. kita ke contoh no 1. di sana sudah terdpaat jurusan, timur, perjalanan, arah dan selatan. 1 kata yang artinya paling berbeda yang mana? ya benar jawabannya adalah PERJALANAN. karena jurusan, timur, arah dan selatan menunjukkan suatu arah.',6,'2','1',5,1,'2022-01-23 14:40:22','2022-01-23 14:40:22'),
(9,1,9,'Nanti di atas sudah terdapat 5 gambar, itu merupakan pilihan jawabannya. Sedangkan pola pola yang terpisah di dalam kotak merupakan soalnya.',6,'2','2',5,1,'2022-02-01 18:03:14','2022-02-01 18:03:14'),
(10,1,10,'Nanti di setiap nomer sudah terdapat 2 gambar. Tugas anda adalah membandingkan apakah keduanya sama persis atau tidak. silahkan di liat dari bentuknya, arsirannya, maupun bila posisinya di ubah.',7,'2','2',2,1,'2022-02-01 18:03:42','2022-02-01 18:03:42'),
(11,2,1,'ini test EPPS',60,'2','1',2,1,'2022-02-19 10:17:06','2022-02-19 10:17:06'),
(44,6,1,'Ini Section Tes Berhitung',30,'2','1',5,1,'2022-02-23 14:19:44','2022-02-23 14:19:44'),
(45,7,1,'Ini Section Tes Ekspresi',35,'2','1',3,1,'2022-02-23 14:19:44','2022-02-23 14:19:44'),
(46,8,1,'Ini Section Tes Penalaran',25,'2','1',5,1,'2022-02-23 14:19:44','2022-02-23 14:19:44'),
(47,9,1,'Ini Section Tes Pemahaman',40,'2','1',4,1,'2022-02-23 14:19:44','2022-02-23 14:19:44'),
(48,11,1,'Ini Section Tes Ruang Bidang',8,'2','1',4,1,'2022-02-23 14:19:44','2022-02-23 14:19:44'),
(49,12,1,'Ini Section Tes DPM',20,'2','1',4,1,'2022-02-23 14:19:44','2022-02-23 14:19:44'),
(50,13,1,'Ini Section Tes Komponen',24,'2','1',5,1,'2022-02-23 14:19:44','2022-02-23 14:19:44'),
(51,14,1,'Ini Section Tes Merakit',20,'2','1',5,1,'2022-02-23 14:19:44','2022-02-23 14:19:44'),
(52,15,1,'Ini Section Tes Penalaran Mekanik',20,'2','1',4,1,'2022-02-23 14:19:44','2022-02-23 14:19:44'),
(53,5,1,'Tes ini merukapan tes penjumlahan sederhana. Tulislah angka satuannya saja. Misalnya penjumlahan 5+9 adalah 14, maka yang Anda tulis cukup angka 4 nya saja.',13,'2','1',0,1,'2022-03-12 20:32:57','2022-03-12 20:32:57'),
(54,3,1,'Ini Section Tes SDI',-1,'2','1',2,1,'2022-04-06 10:12:03','2022-04-06 10:12:03'),
(55,4,1,'Ini Section Tes MMPI',-1,'2','1',2,1,'2022-04-06 10:12:03','2022-04-06 10:12:03');

/*Table structure for table `section_result` */

DROP TABLE IF EXISTS `section_result`;

CREATE TABLE `section_result` (
  `id` bigint(20) NOT NULL AUTO_INCREMENT,
  `section_id` bigint(20) NOT NULL,
  `test_result_id` bigint(20) NOT NULL,
  `exam_session` bigint(20) NOT NULL,
  `start_date` datetime NOT NULL,
  `finish_date` datetime NOT NULL,
  `num_correct` int(20) NOT NULL DEFAULT 0,
  `status` int(20) NOT NULL DEFAULT 1 COMMENT '1: available, 0: deleted',
  `createdAt` datetime NOT NULL,
  `updatedAt` datetime NOT NULL,
  PRIMARY KEY (`id`)
) ENGINE=InnoDB AUTO_INCREMENT=28 DEFAULT CHARSET=utf8mb4;

/*Data for the table `section_result` */

insert  into `section_result`(`id`,`section_id`,`test_result_id`,`exam_session`,`start_date`,`finish_date`,`num_correct`,`status`,`createdAt`,`updatedAt`) values 
(1,3,0,1,'2022-01-28 08:00:00','2022-01-28 11:00:00',2,1,'2022-01-30 19:23:37','2022-02-02 07:48:12'),
(2,1,0,2,'2022-01-23 19:23:29','2022-01-30 19:23:32',0,1,'2022-01-30 19:23:37','2022-01-30 19:23:37'),
(3,2,0,3,'2022-01-23 19:23:29','2022-01-30 19:23:32',0,1,'2022-01-30 19:23:37','2022-01-30 19:23:37'),
(4,2,0,1,'2022-01-23 19:23:29','2022-01-30 19:23:32',0,1,'2022-01-30 19:23:37','2022-01-30 19:23:37'),
(5,3,0,1,'2022-01-28 08:00:00','2022-01-28 11:00:00',0,1,'2022-01-30 12:27:40','2022-01-30 12:27:40'),
(11,1,1,1,'2022-01-28 08:00:00','2022-01-28 11:00:00',5,1,'2022-02-01 16:29:10','2022-02-01 16:29:10'),
(12,8,1,1,'2022-01-28 08:00:00','2022-01-28 11:00:00',19,1,'2022-02-01 16:29:53','2022-02-01 16:29:53'),
(13,11,2,1,'2022-02-19 10:33:53','2022-02-19 10:33:53',0,1,'2022-02-19 10:33:53','2022-02-19 10:33:53'),
(14,7,1,1,'2022-01-28 08:00:00','2022-01-28 11:00:00',1,1,'2022-02-01 16:29:53','2022-02-23 14:40:26'),
(15,44,8,1,'2022-02-23 18:36:40','2022-02-23 18:36:40',23,1,'2022-02-23 18:36:40','2022-02-23 18:36:40'),
(16,45,9,1,'2022-02-23 18:36:40','2022-02-23 18:36:40',4,1,'2022-02-23 18:36:40','2022-02-27 03:10:14'),
(17,46,10,1,'2022-02-23 18:36:40','2022-02-23 18:36:40',4,1,'2022-02-23 18:36:40','2022-02-23 18:36:40'),
(18,47,11,1,'2022-02-23 18:36:40','2022-02-23 18:36:40',5,1,'2022-02-23 18:36:40','2022-02-23 18:36:40'),
(19,48,13,1,'2022-02-23 18:36:40','2022-02-23 18:36:40',6,1,'2022-02-23 18:36:40','2022-02-23 18:36:40'),
(20,49,14,1,'2022-02-23 18:36:40','2022-02-23 18:36:40',7,1,'2022-02-23 18:36:40','2022-02-23 18:36:40'),
(21,50,15,1,'2022-02-23 18:36:40','2022-02-23 18:36:40',8,1,'2022-02-23 18:36:40','2022-02-23 18:36:40'),
(22,51,16,1,'2022-02-23 18:36:40','2022-02-23 18:36:40',9,1,'2022-02-23 18:36:40','2022-02-23 18:36:40'),
(23,52,17,1,'2022-02-23 18:36:40','2022-02-23 18:36:40',10,1,'2022-02-23 18:36:40','2022-02-23 18:36:40'),
(24,6,1,1,'2022-02-23 21:34:33','2022-02-23 21:34:33',3,1,'2022-02-23 21:34:33','2022-02-23 14:35:34'),
(25,53,26,1,'2022-03-12 21:57:33','2022-03-12 21:57:33',1188,1,'2022-03-12 21:57:33','2022-03-20 07:21:23'),
(26,54,42,1,'2022-04-06 08:00:00','2022-04-28 11:00:00',14,1,'2022-04-06 05:19:03','2022-04-07 12:28:01'),
(27,55,43,1,'2022-04-06 08:00:00','2022-04-28 11:00:00',114,1,'2022-04-06 17:20:59','2022-04-07 09:54:18');

/*Table structure for table `test` */

DROP TABLE IF EXISTS `test`;

CREATE TABLE `test` (
  `id` bigint(20) NOT NULL AUTO_INCREMENT,
  `name` varchar(255) NOT NULL,
  `test_order` varchar(255) NOT NULL COMMENT '1: in sequence, 2 : not in sequence',
  `test_type` varchar(255) NOT NULL COMMENT 'normal, EPPS, or else',
  `status` int(10) NOT NULL DEFAULT 1 COMMENT '1: available, 0: deleted',
  `createdAt` datetime NOT NULL,
  `updatedAt` datetime NOT NULL,
  PRIMARY KEY (`id`)
) ENGINE=InnoDB AUTO_INCREMENT=21 DEFAULT CHARSET=utf8mb4;

/*Data for the table `test` */

insert  into `test`(`id`,`name`,`test_order`,`test_type`,`status`,`createdAt`,`updatedAt`) values 
(1,'Tes Tintum','2','1',1,'2022-01-22 22:40:20','2022-01-23 06:49:35'),
(2,'Tes EPPS','2','2',1,'2022-01-22 22:40:20','2022-01-23 06:49:35'),
(3,'Tes SDI','2','3',1,'2022-02-23 14:10:51','2022-02-23 14:10:51'),
(4,'Tes MMPI','2','4',1,'2022-02-23 14:10:51','2022-02-23 14:10:51'),
(5,'Tes Kreaplin','2','5',1,'2022-02-23 14:10:51','2022-02-23 14:10:51'),
(6,'Tes Berhitung','2','6',1,'2022-02-23 14:10:51','2022-02-23 14:10:51'),
(7,'Tes Ekspresi','2','7',1,'2022-02-23 14:10:51','2022-02-23 14:10:51'),
(8,'Tes Penalaran','2','8',1,'2022-02-23 14:10:51','2022-02-23 14:10:51'),
(9,'Tes Pemahaman','2','9',1,'2022-02-23 14:10:51','2022-02-23 14:10:51'),
(10,'Tes Akudak','2','10',1,'2022-02-23 14:10:51','2022-02-23 14:10:51'),
(11,'Tes Ruang Bidang','2','11',1,'2022-02-23 14:10:51','2022-02-23 14:10:51'),
(12,'Tes DPM','2','12',1,'2022-02-23 14:10:51','2022-02-23 14:10:51'),
(13,'Tes Komponen','2','13',1,'2022-02-23 14:10:51','2022-02-23 14:10:51'),
(14,'Tes Merakit','2','14',1,'2022-02-23 14:10:51','2022-02-23 14:10:51'),
(15,'Tes Penalaran Mekanik','2','15',1,'2022-02-23 14:10:51','2022-02-23 14:10:51'),
(16,'Tes Tintum Anak','2','16',1,'2022-02-23 14:10:51','2022-02-23 14:10:51'),
(17,'Tes IST','2','17',1,'2022-02-23 14:10:51','2022-02-23 14:10:51'),
(18,'Tes Papi Kostik','2','18',1,'2022-02-23 14:10:51','2022-02-23 14:10:51'),
(19,'Tes Biodata','2','19',1,'2022-02-23 14:10:51','2022-02-23 14:10:51'),
(20,'Tes Gambar','2','20',1,'2022-02-23 14:10:51','2022-02-23 14:10:51');

/*Table structure for table `test_result` */

DROP TABLE IF EXISTS `test_result`;

CREATE TABLE `test_result` (
  `id` bigint(20) NOT NULL AUTO_INCREMENT,
  `test_id` bigint(20) NOT NULL,
  `exam_session` bigint(20) NOT NULL,
  `start_date` datetime NOT NULL,
  `finish_date` datetime NOT NULL,
  `result` longtext DEFAULT NULL,
  `status` int(10) NOT NULL DEFAULT 1 COMMENT '1: available, 0: deleted',
  `createdAt` datetime NOT NULL,
  `updatedAt` datetime NOT NULL,
  PRIMARY KEY (`id`)
) ENGINE=InnoDB AUTO_INCREMENT=44 DEFAULT CHARSET=utf8mb4;

/*Data for the table `test_result` */

insert  into `test_result`(`id`,`test_id`,`exam_session`,`start_date`,`finish_date`,`result`,`status`,`createdAt`,`updatedAt`) values 
(1,1,1,'2022-01-15 23:50:21','2022-01-22 23:50:32','{\"section_result_id\":1,\"norms_sum\":30,\"iq\":0,\"data\":[{\"num_correct\":5,\"norm\":5,\"tintum\":\"HC\"},{\"num_correct\":0,\"norm\":0,\"tintum\":\"K\"},{\"num_correct\":0,\"norm\":0,\"tintum\":\"K\"},{\"num_correct\":0,\"norm\":0,\"tintum\":\"K\"},{\"num_correct\":0,\"norm\":0,\"tintum\":\"K\"},{\"num_correct\":3,\"norm\":4,\"tintum\":\"K\"},{\"num_correct\":1,\"norm\":1,\"tintum\":\"K\"},{\"num_correct\":19,\"norm\":20,\"tintum\":\"B\"},{\"num_correct\":0,\"norm\":0,\"tintum\":\"K\"},{\"num_correct\":0,\"norm\":0,\"tintum\":\"K\"}]}',1,'2022-01-22 23:55:40','2022-04-07 07:19:44'),
(2,2,1,'2022-01-15 23:50:21','2022-01-22 23:50:32','{\"ach\":{\"r\":3,\"c\":2,\"RS\":5,\"Percentile\":0,\"Kategori\":\"Kurang\",\"Ket\":\"K\"},\"def\":{\"r\":2,\"c\":2,\"RS\":4,\"Percentile\":3,\"Kategori\":\"Kurang\",\"Ket\":\"K\"},\"ord\":{\"r\":1,\"c\":1,\"RS\":2,\"Percentile\":3,\"Kategori\":\"Kurang\",\"Ket\":\"K\"},\"exh\":{\"r\":2,\"c\":0,\"RS\":2,\"Percentile\":0,\"Kategori\":\"Kurang\",\"Ket\":\"K\"},\"aut\":{\"r\":1,\"c\":0,\"RS\":1,\"Percentile\":0,\"Kategori\":\"Kurang\",\"Ket\":\"K\"},\"aff\":{\"r\":0,\"c\":0,\"RS\":0,\"Percentile\":0,\"Kategori\":\"Kurang\",\"Ket\":\"K\"},\"int\":{\"r\":0,\"c\":0,\"RS\":0,\"Percentile\":0,\"Kategori\":\"Kurang\",\"Ket\":\"K\"},\"suc\":{\"r\":0,\"c\":0,\"RS\":0,\"Percentile\":0,\"Kategori\":\"Kurang\",\"Ket\":\"K\"},\"dom\":{\"r\":0,\"c\":0,\"RS\":0,\"Percentile\":0,\"Kategori\":\"Kurang\",\"Ket\":\"K\"},\"aba\":{\"r\":0,\"c\":0,\"RS\":0,\"Percentile\":0,\"Kategori\":\"Kurang\",\"Ket\":\"K\"},\"nur\":{\"r\":0,\"c\":0,\"RS\":0,\"Percentile\":0,\"Kategori\":\"Kurang\",\"Ket\":\"K\"},\"chg\":{\"r\":0,\"c\":0,\"RS\":0,\"Percentile\":0,\"Kategori\":\"Kurang\",\"Ket\":\"K\"},\"end\":{\"r\":0,\"c\":0,\"RS\":0,\"Percentile\":0,\"Kategori\":\"Kurang\",\"Ket\":\"K\"},\"het\":{\"r\":0,\"c\":0,\"RS\":0,\"Percentile\":0,\"Kategori\":\"Kurang\",\"Ket\":\"K\"},\"agg\":{\"r\":0,\"c\":0,\"RS\":0,\"Percentile\":0,\"Kategori\":\"Kurang\",\"Ket\":\"K\"},\"con\":{\"RS\":13,\"Percentile\":86,\"Kategori\":\"Jujur\"},\"SUM_RS\":14,\"M\":2,\"M_KET\":\"K\",\"AW\":0.67,\"AW_KET\":\"K\"}',1,'2022-01-22 23:55:40','2022-03-20 12:32:15'),
(3,2,3,'2022-01-28 08:00:00','2022-01-28 11:00:00','',1,'2022-01-22 23:55:40','2022-01-28 17:17:36'),
(4,2,1,'2022-01-15 23:50:21','2022-01-22 23:50:32','{\"section_result_id\":1,\"norms_sum\":0,\"iq\":0,\"data\":[]}',1,'2022-01-22 23:55:40','2022-02-02 07:32:30'),
(8,6,1,'2022-02-23 18:33:05','2022-02-23 18:33:05','[{\"num_correct\":23,\"norma\":\"C\"}]',1,'2022-02-23 18:33:05','2022-02-23 12:17:26'),
(9,7,1,'2022-02-23 18:33:05','2022-02-23 18:33:05','[{\"num_correct\":3,\"norma\":\"K\"}]',1,'2022-02-23 18:33:05','2022-02-23 12:18:17'),
(10,8,1,'2022-02-23 18:33:05','2022-02-23 18:33:05','[{\"num_correct\":4,\"norma\":\"K\"}]',1,'2022-02-23 18:33:05','2022-02-23 12:18:45'),
(11,9,1,'2022-02-23 18:33:05','2022-02-23 18:33:05','[{\"num_correct\":5,\"norma\":\"K\"}]',1,'2022-02-23 18:33:05','2022-02-23 12:21:59'),
(12,10,1,'2022-02-23 18:33:05','2022-02-23 18:33:05',NULL,1,'2022-02-23 18:33:05','2022-02-23 18:33:05'),
(13,11,1,'2022-02-23 18:33:05','2022-02-23 18:33:05','[{\"num_correct\":6,\"norma\":\"K\"}]',1,'2022-02-23 18:33:05','2022-02-23 12:23:05'),
(14,12,1,'2022-02-23 18:33:05','2022-02-23 18:33:05','[{\"num_correct\":7,\"norma\":\"K\"}]',1,'2022-02-23 18:33:05','2022-02-23 12:23:18'),
(15,13,1,'2022-02-23 18:33:05','2022-02-23 18:33:05','[{\"num_correct\":8,\"norma\":\"HC\"}]',1,'2022-02-23 18:33:05','2022-04-06 06:10:11'),
(16,14,1,'2022-02-23 18:33:05','2022-02-23 18:33:05','[{\"num_correct\":9,\"norma\":\"C\"}]',1,'2022-02-23 18:33:05','2022-02-23 12:23:37'),
(17,15,1,'2022-02-23 18:33:05','2022-02-23 18:33:05','[{\"num_correct\":10,\"norma\":\"C\"}]',1,'2022-02-23 18:33:05','2022-02-23 12:23:44'),
(18,16,1,'2022-02-23 18:33:05','2022-02-23 18:33:05',NULL,1,'2022-02-23 18:33:05','2022-02-23 18:33:05'),
(19,17,1,'2022-02-23 18:33:05','2022-02-23 18:33:05',NULL,1,'2022-02-23 18:33:05','2022-02-23 18:33:05'),
(20,18,1,'2022-02-23 18:33:05','2022-02-23 18:33:05',NULL,1,'2022-02-23 18:33:05','2022-02-23 18:33:05'),
(21,19,1,'2022-02-23 18:33:05','2022-02-23 18:33:05',NULL,1,'2022-02-23 18:33:05','2022-02-23 18:33:05'),
(22,20,1,'2022-02-23 18:33:05','2022-02-23 18:33:05',NULL,1,'2022-02-23 18:33:05','2022-02-23 18:33:05'),
(23,1,5,'2022-01-25 00:00:00','2022-01-25 00:00:00',NULL,1,'2022-02-23 15:59:18','2022-02-23 15:59:18'),
(24,2,5,'2022-01-25 00:00:00','2022-01-25 00:00:00',NULL,1,'2022-02-23 15:59:18','2022-02-23 15:59:18'),
(25,6,5,'2022-01-25 00:00:00','2022-01-25 00:00:00',NULL,1,'2022-02-23 15:59:18','2022-02-23 15:59:18'),
(26,5,1,'2022-03-12 23:19:48','2022-03-12 23:19:48','{\"sum_x\":1275,\"sum_y\":582,\"sum_xy\":13736,\"sum_pow_x\":42925,\"sum_x_sum_y\":742050,\"pow_sum_x\":1625625,\"sum_f\":49,\"sum_fy\":582,\"b\":-0.1061,\"x\":25.5,\"y\":11.6,\"a\":14.3461,\"sum_dev\":-10.32,\"sum_d\":44.64,\"sum_fd\":103.4,\"panker\":{\"val\":11.64,\"analisis\":\"Hampir Cukup\"},\"janker\":{\"val\":2.07,\"analisis\":\"Kurang\"},\"hanker\":{\"val\":-5.31,\"analisis\":\"Kurang\"},\"tianker\":{\"val\":740,\"analisis\":\"Kurang\"},\"ori_datas\":[{\"x\":1,\"y\":17,\"xy\":17,\"x_pow\":1,\"y_regresi\":14.24},{\"x\":2,\"y\":16,\"xy\":32,\"x_pow\":4,\"y_regresi\":14.133877551020408},{\"x\":3,\"y\":13,\"xy\":39,\"x_pow\":9,\"y_regresi\":14.027755102040818},{\"x\":4,\"y\":14,\"xy\":56,\"x_pow\":16,\"y_regresi\":13.921632653061225},{\"x\":5,\"y\":14,\"xy\":70,\"x_pow\":25,\"y_regresi\":13.815510204081633},{\"x\":6,\"y\":15,\"xy\":90,\"x_pow\":36,\"y_regresi\":13.70938775510204},{\"x\":7,\"y\":15,\"xy\":105,\"x_pow\":49,\"y_regresi\":13.603265306122449},{\"x\":8,\"y\":15,\"xy\":120,\"x_pow\":64,\"y_regresi\":13.497142857142858},{\"x\":9,\"y\":15,\"xy\":135,\"x_pow\":81,\"y_regresi\":13.391020408163266},{\"x\":10,\"y\":12,\"xy\":120,\"x_pow\":100,\"y_regresi\":13.284897959183674},{\"x\":11,\"y\":15,\"xy\":165,\"x_pow\":121,\"y_regresi\":13.178775510204082},{\"x\":12,\"y\":13,\"xy\":156,\"x_pow\":144,\"y_regresi\":13.072653061224491},{\"x\":13,\"y\":11,\"xy\":143,\"x_pow\":169,\"y_regresi\":12.966530612244899},{\"x\":14,\"y\":15,\"xy\":210,\"x_pow\":196,\"y_regresi\":12.860408163265307},{\"x\":15,\"y\":15,\"xy\":225,\"x_pow\":225,\"y_regresi\":12.754285714285714},{\"x\":16,\"y\":11,\"xy\":176,\"x_pow\":256,\"y_regresi\":12.648163265306124},{\"x\":17,\"y\":14,\"xy\":238,\"x_pow\":289,\"y_regresi\":12.542040816326532},{\"x\":18,\"y\":11,\"xy\":198,\"x_pow\":324,\"y_regresi\":12.43591836734694},{\"x\":19,\"y\":7,\"xy\":133,\"x_pow\":361,\"y_regresi\":12.329795918367347},{\"x\":20,\"y\":15,\"xy\":300,\"x_pow\":400,\"y_regresi\":12.223673469387755},{\"x\":21,\"y\":10,\"xy\":210,\"x_pow\":441,\"y_regresi\":12.117551020408165},{\"x\":22,\"y\":11,\"xy\":242,\"x_pow\":484,\"y_regresi\":12.011428571428572},{\"x\":23,\"y\":4,\"xy\":92,\"x_pow\":529,\"y_regresi\":11.90530612244898},{\"x\":24,\"y\":10,\"xy\":240,\"x_pow\":576,\"y_regresi\":11.799183673469388},{\"x\":25,\"y\":12,\"xy\":300,\"x_pow\":625,\"y_regresi\":11.693061224489796},{\"x\":26,\"y\":9,\"xy\":234,\"x_pow\":676,\"y_regresi\":11.586938775510205},{\"x\":27,\"y\":12,\"xy\":324,\"x_pow\":729,\"y_regresi\":11.480816326530613},{\"x\":28,\"y\":12,\"xy\":336,\"x_pow\":784,\"y_regresi\":11.374693877551021},{\"x\":29,\"y\":10,\"xy\":290,\"x_pow\":841,\"y_regresi\":11.268571428571429},{\"x\":30,\"y\":12,\"xy\":360,\"x_pow\":900,\"y_regresi\":11.162448979591836},{\"x\":31,\"y\":12,\"xy\":372,\"x_pow\":961,\"y_regresi\":11.056326530612246},{\"x\":32,\"y\":9,\"xy\":288,\"x_pow\":1024,\"y_regresi\":10.950204081632654},{\"x\":33,\"y\":12,\"xy\":396,\"x_pow\":1089,\"y_regresi\":10.844081632653062},{\"x\":34,\"y\":9,\"xy\":306,\"x_pow\":1156,\"y_regresi\":10.737959183673471},{\"x\":35,\"y\":5,\"xy\":175,\"x_pow\":1225,\"y_regresi\":10.631836734693879},{\"x\":36,\"y\":13,\"xy\":468,\"x_pow\":1296,\"y_regresi\":10.525714285714287},{\"x\":37,\"y\":9,\"xy\":333,\"x_pow\":1369,\"y_regresi\":10.419591836734694},{\"x\":38,\"y\":12,\"xy\":456,\"x_pow\":1444,\"y_regresi\":10.313469387755102},{\"x\":39,\"y\":9,\"xy\":351,\"x_pow\":1521,\"y_regresi\":10.207346938775512},{\"x\":40,\"y\":8,\"xy\":320,\"x_pow\":1600,\"y_regresi\":10.10122448979592},{\"x\":41,\"y\":12,\"xy\":492,\"x_pow\":1681,\"y_regresi\":9.995102040816327},{\"x\":42,\"y\":9,\"xy\":378,\"x_pow\":1764,\"y_regresi\":9.888979591836735},{\"x\":43,\"y\":12,\"xy\":516,\"x_pow\":1849,\"y_regresi\":9.782857142857143},{\"x\":44,\"y\":14,\"xy\":616,\"x_pow\":1936,\"y_regresi\":9.676734693877552},{\"x\":45,\"y\":13,\"xy\":585,\"x_pow\":2025,\"y_regresi\":9.57061224489796},{\"x\":46,\"y\":12,\"xy\":552,\"x_pow\":2116,\"y_regresi\":9.464489795918368},{\"x\":47,\"y\":12,\"xy\":564,\"x_pow\":2209,\"y_regresi\":9.358367346938778},{\"x\":48,\"y\":13,\"xy\":624,\"x_pow\":2304,\"y_regresi\":9.252244897959184},{\"x\":49,\"y\":12,\"xy\":588,\"x_pow\":2401,\"y_regresi\":9.146122448979593},{\"x\":50,\"y\":0,\"xy\":0,\"x_pow\":2500,\"y_regresi\":9.040000000000001}],\"calc_datas\":[{\"y\":1,\"f\":0,\"fy\":0,\"dev\":0,\"d\":0,\"fd\":0},{\"y\":2,\"f\":0,\"fy\":0,\"dev\":0,\"d\":0,\"fd\":0},{\"y\":3,\"f\":0,\"fy\":0,\"dev\":0,\"d\":0,\"fd\":0},{\"y\":4,\"f\":1,\"fy\":4,\"dev\":-7.64,\"d\":7.64,\"fd\":7.64},{\"y\":5,\"f\":1,\"fy\":5,\"dev\":-6.64,\"d\":6.64,\"fd\":6.64},{\"y\":6,\"f\":0,\"fy\":0,\"dev\":0,\"d\":0,\"fd\":0},{\"y\":7,\"f\":1,\"fy\":7,\"dev\":-4.64,\"d\":4.64,\"fd\":4.64},{\"y\":8,\"f\":1,\"fy\":8,\"dev\":-3.64,\"d\":3.64,\"fd\":3.64},{\"y\":9,\"f\":6,\"fy\":54,\"dev\":-2.64,\"d\":2.64,\"fd\":15.84},{\"y\":10,\"f\":3,\"fy\":30,\"dev\":-1.64,\"d\":1.64,\"fd\":4.92},{\"y\":11,\"f\":4,\"fy\":44,\"dev\":-0.64,\"d\":0.64,\"fd\":2.56},{\"y\":12,\"f\":13,\"fy\":156,\"dev\":0.36,\"d\":0.36,\"fd\":4.68},{\"y\":13,\"f\":5,\"fy\":65,\"dev\":1.36,\"d\":1.36,\"fd\":6.8},{\"y\":14,\"f\":4,\"fy\":56,\"dev\":2.36,\"d\":2.36,\"fd\":9.44},{\"y\":15,\"f\":8,\"fy\":120,\"dev\":3.36,\"d\":3.36,\"fd\":26.88},{\"y\":16,\"f\":1,\"fy\":16,\"dev\":4.36,\"d\":4.36,\"fd\":4.36},{\"y\":17,\"f\":1,\"fy\":17,\"dev\":5.36,\"d\":5.36,\"fd\":5.36},{\"y\":18,\"f\":0,\"fy\":0,\"dev\":0,\"d\":0,\"fd\":0},{\"y\":19,\"f\":0,\"fy\":0,\"dev\":0,\"d\":0,\"fd\":0},{\"y\":20,\"f\":0,\"fy\":0,\"dev\":0,\"d\":0,\"fd\":0},{\"y\":21,\"f\":0,\"fy\":0,\"dev\":0,\"d\":0,\"fd\":0},{\"y\":22,\"f\":0,\"fy\":0,\"dev\":0,\"d\":0,\"fd\":0},{\"y\":23,\"f\":0,\"fy\":0,\"dev\":0,\"d\":0,\"fd\":0},{\"y\":24,\"f\":0,\"fy\":0,\"dev\":0,\"d\":0,\"fd\":0},{\"y\":25,\"f\":0,\"fy\":0,\"dev\":0,\"d\":0,\"fd\":0},{\"y\":26,\"f\":0,\"fy\":0,\"dev\":0,\"d\":0,\"fd\":0},{\"y\":27,\"f\":0,\"fy\":0,\"dev\":0,\"d\":0,\"fd\":0}]}',1,'2022-03-12 23:19:48','2022-03-22 05:35:22'),
(27,2,6,'2022-01-25 00:45:00','2022-01-25 01:10:00',NULL,1,'2022-03-23 08:23:04','2022-03-23 08:23:04'),
(31,2,10,'2022-01-25 00:45:00','2022-01-25 01:10:00',NULL,1,'2022-03-25 02:35:23','2022-03-25 02:35:23'),
(32,5,10,'2022-01-25 00:45:00','2022-01-25 01:10:00',NULL,1,'2022-03-25 02:35:23','2022-03-25 02:35:23'),
(33,2,11,'2022-01-25 00:45:00','2022-01-25 01:10:00',NULL,1,'2022-03-25 02:35:23','2022-03-25 02:35:23'),
(34,5,11,'2022-01-25 00:45:00','2022-01-25 01:10:00',NULL,1,'2022-03-25 02:35:23','2022-03-25 02:35:23'),
(35,5,12,'2022-03-24 17:00:00','2022-04-08 05:00:00',NULL,1,'2022-03-25 10:01:26','2022-03-25 10:01:26'),
(36,5,13,'2022-03-24 17:00:00','2022-04-08 05:00:00',NULL,1,'2022-03-25 10:01:26','2022-03-25 10:01:26'),
(37,5,14,'2022-03-24 17:00:00','2022-04-08 05:00:00',NULL,1,'2022-03-25 10:01:26','2022-03-25 10:01:26'),
(38,5,15,'2022-03-24 17:00:00','2022-04-08 05:00:00',NULL,1,'2022-03-25 10:01:26','2022-03-25 10:01:26'),
(39,5,16,'2022-03-24 17:00:00','2022-04-08 05:00:00',NULL,1,'2022-03-25 10:01:26','2022-03-25 10:01:26'),
(40,5,17,'2022-03-24 17:00:00','2022-04-08 05:00:00',NULL,1,'2022-03-25 10:01:26','2022-03-25 10:01:26'),
(41,1,18,'2022-01-25 00:45:00','2022-01-25 01:10:00',NULL,1,'2022-03-29 02:30:51','2022-03-29 02:30:51'),
(42,3,1,'2022-04-06 08:00:00','2022-04-28 11:00:00','[{\"numbers\":[1,2,3,4,5,6,7,8,9,10,11,12,13,14,15,16,17,18,19,20,21,22,23,24,25,26,27,28,29,30,31,32,33,34,35,36,37,38,39,40,41,42,43,44,45,46,47,48,49,50,51,52],\"answers\":[1,1,0,1,0,1,1,0,0,0,1,0,1,0,0,0,0,0,1,0,0,0,0,0,1,0,1,1,0,0,1,0,0,0,0,1,1,1,0,1,0,0,1,1,1,0,0,0,0,0,1,1],\"correct_data\":[0,1,0,1,0,1,0,0,0,0,1,0,0,0,0,0,0,0,0,0,0,0,0,0,0,0,1,0,0,0,0,1,0,0,0,1,1,1,0,1,0,0,1,1,1,0,0,0,0,0,1,0],\"sum_correct\":14,\"keterangan\":\"K\"}]',1,'2022-04-06 05:17:49','2022-04-07 13:12:18'),
(43,4,1,'2022-04-28 08:00:00','2022-04-28 11:00:00','[{\"numbers\":[1,2,3,4,5,6,7,8,9,10,11,12,13],\"answers\":[1,0,1,1,1,1,0,1,0,1,1,1,0],\"correct_data\":[1,1,0,0,0,1,1,1,1,0,1,1,1],\"jenis\":\"Manager\",\"sum_correct\":9,\"keterangan\":\"CB\"},{\"numbers\":[14,15,16,17,18,19,20,21,22,23],\"answers\":[1,0,0,1,1,0,0,0,1,1],\"correct_data\":[1,1,0,0,0,1,1,1,0,1],\"jenis\":\"Leadership\",\"sum_correct\":6,\"keterangan\":\"C\"},{\"numbers\":[24,25,26,27,28,29,30,31,32,33,34,35,36,37,38],\"answers\":[1,1,0,0,1,0,1,0,0,1,1,1,1,0,1],\"correct_data\":[1,1,0,0,1,0,1,0,0,1,1,1,1,0,1],\"jenis\":\"Honesty\",\"sum_correct\":9,\"keterangan\":\"CB\"},{\"numbers\":[39,40,41,42,43,44,45,46,47,48,49,50,51,52,53,54,55,56,57,58],\"answers\":[0,1,0,0,0,1,0,0,1,0,0,0,0,0,0,1,0,0,0,1],\"correct_data\":[1,0,1,1,1,0,0,1,1,1,0,1,1,1,1,0,1,1,1,0],\"jenis\":\"HA\",\"sum_correct\":14,\"keterangan\":\"CB\"},{\"numbers\":[59,60,61,62,63,64,65,66,67,68,69,70,71,72,73,74,75,76,77,78,79,80,81,82,83,84,85,86,87,88,89,90],\"answers\":[1,0,1,0,0,0,1,0,1,1,1,1,1,1,1,1,1,0,0,0,0,1,0,0,0,1,0,0,0,1,0,0],\"correct_data\":[1,0,0,1,1,1,1,1,1,0,1,0,1,0,1,1,1,1,1,1,0,1,1,1,1,1,1,1,1,1,1,0],\"jenis\":\"Respon\",\"sum_correct\":25,\"keterangan\":\"CB\"},{\"numbers\":[91,92,93,94,95,96,97,98,99,100,101,102,103,104],\"answers\":[1,1,1,1,1,0,1,0,1,1,0,1,1,0],\"correct_data\":[1,1,1,1,1,1,1,0,1,1,1,0,1,1],\"jenis\":\"Stubborn\",\"sum_correct\":12,\"keterangan\":\"CB\"},{\"numbers\":[105,106,107,108,109,110,111,112,113,114,115,116,117,118,119],\"answers\":[1,1,0,1,1,1,0,0,1,0,1,0,0,0,0],\"correct_data\":[1,1,1,1,1,1,0,1,0,0,0,1,1,1,1],\"jenis\":\"AP\",\"sum_correct\":11,\"keterangan\":\"CB\"},{\"numbers\":[120,121,122,123,124,125,126,127,128,129,130,131,132,133,134,135,136],\"answers\":[0,0,1,1,1,1,0,0,1,0,0,0,0,1,0,1,0],\"correct_data\":[1,1,1,1,0,0,1,1,0,1,1,1,0,0,1,1,1],\"jenis\":\"Impulsive\",\"sum_correct\":12,\"keterangan\":\"CB\"},{\"numbers\":[137,138,139,140,141,142,143,144,145,146,147,148,149,150,151,152,153,154,155,156],\"answers\":[0,1,0,0,0,0,1,0,1,1,0,0,1,1,1,0,0,0,1,1],\"correct_data\":[1,1,1,1,0,1,1,1,0,1,1,1,1,0,0,1,1,1,1,1],\"jenis\":\"GAD\",\"sum_correct\":16,\"keterangan\":\"CB\"}]',1,'2022-04-06 17:19:52','2022-04-07 09:54:35');

/* Procedure structure for procedure `semuaPegawai` */

/*!50003 DROP PROCEDURE IF EXISTS  `semuaPegawai` */;

DELIMITER $$

/*!50003 CREATE DEFINER=`root`@`%` PROCEDURE `semuaPegawai`(
 IN nama VARCHAR(50) 
)
BEGIN 
DECLARE a VARCHAR(50);
SET a=CONCAT('%',nama,'%');
 SELECT nama_pegawai FROM pegawai WHERE nama_pegawai LIKE a;
END */$$
DELIMITER ;

/*!40101 SET SQL_MODE=@OLD_SQL_MODE */;
/*!40014 SET FOREIGN_KEY_CHECKS=@OLD_FOREIGN_KEY_CHECKS */;
/*!40014 SET UNIQUE_CHECKS=@OLD_UNIQUE_CHECKS */;
/*!40111 SET SQL_NOTES=@OLD_SQL_NOTES */;
